000    ,0.198313157719,0.0,0.0563709175268,0.148850344272,0.0,0.0745611114199,0.0,
001    ,0.0,0.0,0.0,0.0,0.0,0.0,0.0,
002    ,0.016322239331,0.0218962162938,0.0218965823684,0.0218344123388,0.0219289953128,0.021919456337,0.0218796879964,
003    ,0.021047804654,0.0280141334032,0.0273841554251,0.0290961069677,0.0280796645948,0.0274102995514,0.0280159712486,
004    ,0.0746155828343,0.106166489214,0.05318480515,0.0409012112626,0.0420010708022,0.0445090527194,0.0433350510193,
005    ,0.0185552505284,0.0223280153795,0.0222680314946,0.0224950737498,0.0224347531665,0.0223989091347,0.0224884153377,
006    ,0.0172211501513,0.024738087158,0.0248419538437,0.0249372851362,0.0248008123642,0.0248833218238,0.0248522323846,
007    ,0.197164023793,0.0525689956818,0.0702058819545,0.0790853130054,0.0585847378097,0.0430658688832,0.0549160564651,
008    ,0.0296437273483,0.0337566616114,0.0337077988019,0.033487551255,0.032700547431,0.033548136926,0.0271619232985,
010    ,0.0417549942095,0.0315934714856,0.0501215465484,0.0443198705113,0.0523220127277,0.0534429174182,0.0512817941722,
011    ,0.0,0.0,0.0,0.0,0.0,0.0,0.0,
012    ,0.0277918405286,0.0200817254397,0.0275053679526,0.0277067795317,0.0277369192592,0.0275530551082,0.0275912133474,
013    ,0.0241542385357,0.0221210652521,0.029131809741,0.0289555454475,0.0290967929985,0.0291045539275,0.0289975891667,
014    ,0.0535996637862,0.116356605243,0.066519356698,0.0374411929841,0.0454336842603,0.116975336121,0.0527123066163,
015    ,0.0257256549353,0.019753891304,0.0254594746119,0.0258095044063,0.0257719915541,0.025716308026,0.025623089248,
016    ,0.0,0.0,0.0,0.0,0.0,0.0,0.0,
017    ,0.0,0.0,0.0,0.0,0.0,0.0,0.0,
018    ,0.0329786750316,0.0314949269291,0.0314421730263,0.0367492779289,0.032998499629,0.0329369107093,0.0328265539522,
020    ,0.0400939950895,0.0,0.178920778323,0.0240658596992,0.00507457899969,0.160544585921,0.0,
021    ,0.0255435600775,0.0307137133211,0.0255596273702,0.0263599900264,0.0262509964011,0.0264423225267,0.0261829184639,
022    ,0.0,0.0,0.0,0.0,0.0,0.0,0.0,
023    ,0.0249130706488,0.0261816523014,0.0225718945543,0.026765289197,0.026142117329,0.0262528923767,0.0255985050795,
024    ,0.041527132284,0.131840157398,0.0684073800672,0.0420511462873,0.0387343233945,0.0396759786813,0.0413539679832,
025    ,0.024624118636,0.0244283737004,0.018783642059,0.0246627974487,0.024698868042,0.0247330589832,0.0245153371208,
026    ,0.0236964261894,0.0249731723035,0.0192632527106,0.0250260773836,0.0251713903344,0.0250559971661,0.0251035701666,
027    ,0.128504017145,0.0562184068262,0.181494583194,0.0806064344673,0.0901245889646,0.0433148672805,0.0548003274453,
028    ,0.0336439779059,0.0299198548569,0.0323127347838,0.0291919291359,0.0286525621252,0.0301547858585,0.0262994847933,
030    ,0.0416686165189,0.0426058205851,0.0320613097447,0.0443635099343,0.0645645132568,0.0611721865942,0.0438755046688,
031    ,0.0288278497147,0.0307310214253,0.0288853253336,0.0224796426381,0.0287866268885,0.0288449412354,0.028885540565,
032    ,0.0282909713556,0.0299641984025,0.029920179821,0.0234610911607,0.0282017330369,0.0289398848944,0.0301164355483,
033    ,0.0,0.0,0.0,0.0,0.0,0.0,0.0,
034    ,0.0407327964026,0.0406605454386,0.0668406088374,0.0364832433894,0.0394669359718,0.0381090381017,0.0405258941468,
035    ,0.0267678301211,0.0269464858412,0.0269015811227,0.0209037539159,0.0269182159771,0.0270967658462,0.0251337851374,
036    ,0.0288863688585,0.0298082546035,0.0272834302835,0.0256776327,0.0296198350991,0.0280606381369,0.0304348616755,
037    ,0.0513990480252,0.0493207207268,0.0913066533185,0.0714740665627,0.0354494835986,0.0645388752939,0.0719467817472,
038    ,0.0,0.0,0.0,0.0,0.0,0.0,0.0,
040    ,0.0278452230818,0.050186946624,0.0398092775581,0.121909423448,0.0644923955723,0.064933064896,0.053754399019,
041    ,0.0287116082453,0.0288923150243,0.0289040853944,0.0287641796474,0.0226268556988,0.0288609019061,0.0287718386179,
042    ,0.028043706831,0.0279948903221,0.0278427520811,0.0280164577879,0.0209408681464,0.0242421313558,0.0278630411859,
043    ,0.0,0.0,0.0,0.0,0.0,0.0,0.0,
044    ,0.0,0.0,0.0,0.0,0.196207333856,0.00921364018698,0.0,
045    ,0.0265392804812,0.0266853082254,0.0266417595602,0.0267019933212,0.0213137533462,0.0270475582664,0.0266196087369,
046    ,0.0277104414674,0.0278723836612,0.0266274732963,0.0277209357556,0.0221573495284,0.0279099161808,0.0277314717211,
047    ,0.0,0.0,0.0,0.0,0.0,0.0,0.0,
048    ,0.0296861036802,0.0281683679774,0.0274266563974,0.0320827954808,0.0299893244803,0.0297409526855,0.0292207868193,
050    ,0.0437036589386,0.0641963067457,0.0419093510292,0.0451844697892,0.117944350836,0.117638890309,0.0644285591667,
051    ,0.027234929785,0.0273221452341,0.0271891586598,0.0271189906471,0.0271965921796,0.0194896078569,0.0270897609856,
052    ,0.0251199353854,0.0250726100927,0.0251933950649,0.0250667344037,0.0244040502162,0.0202609816697,0.0250787708485,
053    ,0.0263538247912,0.0263491533051,0.0263013559065,0.0308061119632,0.0264148609726,0.0243355338045,0.0264001002371,
054    ,0.0109393541013,0.0,0.0,0.0,0.0,0.223856206633,0.0,
055    ,0.0,0.0,0.0,0.0,0.0,0.0,0.0,
056    ,0.0254919139084,0.0255926618246,0.0254296200174,0.0256420834917,0.0255815844443,0.02020270919,0.0256374849997,
057    ,0.0,0.0,0.0,0.0,0.0,0.0,0.0,
058    ,0.0340986360446,0.0341249502175,0.0341970142096,0.0317504725628,0.0342078822012,0.034248185491,0.0362388255765,
060    ,0.0431641379607,0.0404618632697,0.0328028880173,0.0491087393382,0.0591277212381,0.0476468569168,0.0402042712589,
061    ,0.029216827655,0.0294111890401,0.0295944177065,0.0293017261501,0.0271772206142,0.0292703157936,0.0236832378102,
062    ,0.0,0.0,0.0,0.0,0.0,0.0,0.0,
063    ,0.0278689948956,0.0277633164264,0.027928637251,0.0278078071209,0.0279072753174,0.0278543726488,0.0216746712454,
064    ,0.0427631803268,0.0471483724372,0.0853970009396,0.0364008717348,0.035827131979,0.0441081430348,0.0431794078996,
065    ,0.0242249144235,0.0242227120126,0.024211002404,0.0242703789413,0.0242696375397,0.0242121239718,0.0174123465792,
066    ,0.0,0.0,0.0,0.0,0.0,0.0,0.0,
067    ,0.0,0.0,0.0,0.0,0.0,0.0,0.0,
068    ,0.0303156694362,0.0302205838033,0.0299714024024,0.0352835400705,0.0302009583946,0.0328230005221,0.0333300939057,
100    ,0.424568675239,0.699921297275,0.815977149967,0.814559513379,0.765026947214,0.638804581283,0.650468896485,
101    ,0.0,0.0,0.0,0.0,0.0,0.0,0.0,
102    ,0.00169388331815,0.0,0.00400268105029,0.00738620660497,0.00133601007309,0.0262354538009,0.00327379822403,
103    ,0.00562399670143,0.0,0.0,0.00929486415638,0.000918748577918,0.00392373765864,0.00426055724416,
104    ,0.058007382805,0.0592096051773,0.0577376404099,0.0562817243858,0.0423914747548,0.0435828219345,0.0587743850315,
105    ,0.0188215659587,0.0301028304506,0.00598605667317,0.0216148245829,0.00113300959476,0.0382102059021,0.0183589319341,
106    ,0.0,0.0,0.0,0.0121844870408,0.00139580691443,0.0,0.0,
107    ,0.108837026973,0.0723321519351,0.0340147975459,0.0187900698009,0.00654572224897,0.162427170024,0.00607150046086,
108    ,0.031660152483,0.0364851844097,0.0133911209664,0.0432260973459,0.014229678196,0.0252312955353,0.0119862064096,
110    ,0.0772074726158,0.0805617593382,0.0467459544541,0.0363761312151,0.0800810448578,0.0513630659579,0.0721113486473,
111    ,0.0,0.0,0.0,0.0,0.0,0.0,0.0,
112    ,0.0,0.00244390498936,0.0225080569013,0.0,0.0166343646005,0.0,0.0,
113    ,0.0,0.00250741000943,0.0,0.0,0.0,0.000620377132709,0.0122174815994,
114    ,0.0718549319898,0.0384560931455,0.0474630566887,0.0311452510405,0.0283715316759,0.0351687150282,0.0548486898811,
115    ,0.0,0.0238171196371,0.00479325658967,0.0,0.0,0.0233806480272,0.000293373282458,
116    ,0.0,0.0,0.0,0.0,0.0,0.0,0.0,
117    ,0.0,0.0,0.0,0.0,0.0,0.0,0.0,
118    ,0.015847627658,0.0358069310412,0.0198422155987,0.023436882586,0.0116111663632,0.0154367721633,0.0345346508196,
120    ,0.0752315694812,0.0,0.0,0.0,0.0,0.0,0.0,
121    ,0.0286806774565,0.0405007508243,0.0380336901634,0.00987224743607,0.0177325294681,0.0136518384494,0.0252724177104,
122    ,0.0,0.0,0.0,0.0,0.0,0.0,0.0,
123    ,0.0021047703113,0.0116948837944,0.0153162353293,0.0140540857222,0.0219665375848,0.0330387688442,0.0110748168102,
124    ,0.0456640221639,0.0455367512884,0.0401110772181,0.0435707380555,0.0344825689725,0.036577337477,0.0458338848925,
125    ,0.0318098137691,0.0259841141901,0.0284063471384,0.031862854753,0.0319992948992,0.031948606223,0.0319415855606,
126    ,0.0042465168792,0.00580836756207,0.0337505768142,0.0120948449826,0.0176469749165,0.0207581667181,0.0135286481,
127    ,0.168518169716,0.0196452071166,0.117585767922,0.0947980963231,0.0328117275746,0.0157967569638,0.1165688952,
128    ,0.0351480274616,0.0349989038103,0.0353181171926,0.0383890123502,0.0342829352475,0.0344195327284,0.0334618668026,
130    ,0.025026891756,0.0,0.0325032530985,0.0390191611563,0.0,0.0307881621521,0.00140483868755,
131    ,0.0,0.00328052670819,0.00122885350427,0.031409639273,0.0219954121875,0.00475089866172,0.00619003665404,
132    ,0.038456040189,0.0,0.00315578127298,0.00095338059366,0.00895824527227,0.00101364420001,0.000982004429048,
133    ,0.0,0.0,0.0,0.0,0.0,0.0,0.0,
134    ,0.0,0.0,0.0,0.0,0.0189450685371,0.0419273727849,0.0,
135    ,0.0331371704082,0.00381281391202,0.0,0.00591500351336,0.00832536170832,0.0078966431815,0.0279521714014,
136    ,0.0,0.0,0.0375869502592,0.00438114949916,0.00467326516059,0.0379550799768,0.0227694366492,
137    ,0.0621922928171,0.0141737109073,0.0127562572135,0.00110878707019,0.00290663267787,0.00545725274818,0.00438663505843,
138    ,0.0,0.0,0.0,0.0,0.0,0.0,0.0,
140    ,0.0208381939842,0.0456801890402,0.0517018861881,0.0527462928267,0.12785182655,0.0517972837738,0.0272037962609,
141    ,0.0190858895177,0.0391200885031,0.0390172441638,0.0227857379586,0.0381798281126,0.00984577290628,0.0146767960385,
142    ,0.00258462217686,0.00441719724322,0.0,0.00108984787402,0.0129794688465,0.0,0.00605721418386,
143    ,0.0,0.0,0.0,0.0,0.0,0.0,0.0,
144    ,0.0,0.0,0.0,0.0,0.0,0.0,0.0,
145    ,0.00903748199098,0.00840097384696,0.0374276160199,0.0112380854656,0.037311703267,0.0311319280825,0.0225728288528,
146    ,0.0,0.00535243499828,0.000980903722076,0.0270049989073,0.00973242631113,0.00663626143972,0.0,
147    ,0.0,0.0,0.0,0.0,0.0,0.0,0.0,
148    ,0.0168724780638,0.00657337388217,0.0248995542131,0.0411075289747,0.0325848361012,0.0235146790968,0.0289931505099,
150    ,0.0574683148643,0.0597015282023,0.0441143491977,0.0372948930651,0.066622244742,0.100053940217,0.0598882125196,
151    ,0.00928150603906,0.0304280085264,0.0272650525696,0.0118496538049,0.0422528111359,0.0171642071818,0.0221709588922,
152    ,0.00215137265504,0.000936897665431,0.00171348973983,0.0306309799677,0.016362264372,0.00091270091247,0.00363231654258,
153    ,0.0,0.0194740606803,0.000720112662685,0.00470823050852,0.00210209609933,0.0,0.00111817321384,
154    ,0.0,0.0,0.0,0.0,0.0,0.0,0.0,
155    ,0.0,0.0,0.0,0.0,0.0,0.0,0.0,
156    ,0.00161122341238,0.00142191457452,0.0,0.0,0.0,0.0196238214736,0.00266291258802,
157    ,0.0,0.0,0.0,0.0,0.0,0.0,0.0,
158    ,0.0408386656062,0.0324445802814,0.0363690285722,0.0388964046179,0.0366631471972,0.0404456635469,0.0390929065986,
160    ,0.0457189919594,0.0388516018885,0.0392139044994,0.0464695854587,0.0466477042658,0.0463674685451,0.0756751874692,
161    ,0.0252646958404,0.0400611935252,0.00970208342222,0.00444624377167,0.0134887479831,0.0201396198345,0.036193577948,
162    ,0.0,0.0,0.0,0.0,0.0,0.0,0.0,
163    ,0.0150628073717,0.00709956683461,0.0328634939403,0.0186561441973,0.0232035726376,0.0147497936169,0.0328656177208,
164    ,0.0398682753238,0.0445778378144,0.0405552054171,0.0404835625924,0.0389906436535,0.0405033639251,0.0390225583587,
165    ,0.021348203999,0.0190419725349,0.0236449562948,0.020834352652,0.0375147276339,0.0385184427819,0.0367066387032,
166    ,0.0,0.0,0.0,0.0,0.0,0.0,0.0,
167    ,0.0,0.0,0.0,0.0,0.0,0.0,0.0,
168    ,0.0337885286389,0.0370356659515,0.0370476901951,0.0372329917083,0.0365628458736,0.0372540432835,0.0363327886078,
200    ,1.36395636993,0.0,0.882879460771,0.827247874613,0.0,0.475475528161,0.51773947062,
201    ,0.0,0.0,0.0,0.0,0.0,0.0,0.0,
202    ,0.000564480452474,0.0,0.0,0.0,0.0,0.0,0.0,
203    ,0.0,0.0,0.0,0.0,0.0,0.0,0.0,
204    ,0.0889476850886,0.0494517983923,0.063995043156,0.0642284853958,0.049957881076,0.0505952231082,0.0623925790571,
205    ,0.00282802289719,0.0,0.0,0.0,0.0,0.0,0.0,
206    ,0.0,0.0,0.0,0.0,0.0,0.0,0.0,
207    ,0.147772440581,0.00403611208778,0.00108264231816,0.00890019724983,0.00245350590363,0.0,0.0107772556293,
208    ,0.0129600022302,0.0,0.0,0.0,0.0,0.0,0.0,
210    ,0.110217380509,0.111364123776,0.0036255370082,0.000649079221053,0.0422844424921,0.109653631925,0.0188317992302,
211    ,0.0,0.0,0.0,0.0,0.0,0.0,0.0,
212    ,0.0,0.0,0.0,0.0,0.0,0.0,0.0,
213    ,0.0,0.000744370515139,0.0,0.0,0.0,0.0,0.0,
214    ,0.0,0.0201029444535,0.00746489203774,0.0,0.0251198225631,0.0,0.0,
215    ,0.0,0.000547844067345,0.0,0.00347590693379,0.0,0.0,0.0,
216    ,0.0,0.0,0.0,0.0,0.0,0.0,0.0,
217    ,0.0,0.0,0.0,0.0,0.0,0.0,0.0,
218    ,0.00220618432465,0.0134351438486,0.00116310452173,0.00113661865173,0.0,0.00136532128786,0.0443219257226,
220    ,0.0,0.0,0.0,0.0,0.0,0.0,0.0,
221    ,0.03979930234,0.0,0.0,0.000990369210581,0.0,0.00328833457874,0.0,
222    ,0.0,0.0,0.0,0.0,0.0,0.0,0.0,
223    ,0.0,0.0,0.0702941596054,0.0,0.0,0.0,0.0,
224    ,0.0473428278759,0.0482726306506,0.046778621363,0.0475434389766,0.0446025652792,0.0466793500721,0.0384367130159,
225    ,0.0193817140982,0.0165635009162,0.0295168186131,0.00908202928136,0.0112920472805,0.0166706353957,0.0145547807057,
226    ,0.00763708741179,0.0,0.0303047333266,0.000955626119987,0.0,0.0,0.00168386617404,
227    ,0.00437209037875,0.0263847668925,0.0780994440459,0.0,0.105380015768,0.00818593196573,0.0534449719639,
228    ,0.0184123734825,0.0412555798265,0.0402905250266,0.00258214601033,0.00478904104297,0.0076332515616,0.0177762890611,
230    ,0.000646275833615,0.0,0.0,0.0311553523902,0.0,0.0,0.0,
231    ,0.0286941960113,0.0,0.0,0.0,0.0,0.0,0.0,
232    ,0.0,0.0,0.0,0.0,0.0,0.0,0.0,
233    ,0.0,0.0,0.0,0.0,0.0,0.0,0.0,
234    ,0.0,0.0,0.0,0.0,0.0,0.0,0.0,
235    ,0.0012522575671,0.0,0.0,0.000111504424779,0.0,0.0,0.0,
236    ,0.0,0.0,0.0,0.0,0.0,0.0,0.0,
237    ,0.00300531632522,0.0,0.0,0.0,0.0,0.0,0.0,
238    ,0.0,0.0,0.0,0.0,0.0,0.0,0.0,
240    ,0.0160666301838,0.150318881625,0.080499516677,0.080092471295,0.0912387234338,0.0427742199401,0.00252484848366,
241    ,0.00118519508582,0.0,0.0,0.0104738885993,0.0122363329425,0.00943495665341,0.0439883432051,
242    ,0.00472396040319,0.000664840198548,0.0,0.0,0.00208677183295,0.0,0.0,
243    ,0.0,0.0,0.0,0.0,0.0,0.0,0.0,
244    ,0.0,0.0,0.0,0.0,0.0,0.0,0.0,
245    ,0.00785014083039,0.0,0.0,0.0,0.0024,0.0,0.0,
246    ,0.0,0.0,0.0,0.00156790828485,0.000278419889439,0.0,0.0,
247    ,0.0,0.0,0.0,0.0,0.0,0.0,0.0,
248    ,0.0,0.00267916267105,0.0,0.00164041867001,0.00674363423197,0.0,0.0,
250    ,0.0208056807383,0.0542359878106,0.0451739781164,0.0688885884102,0.100763166946,0.0837242664777,0.0597058221686,
251    ,0.0,0.0,0.0,0.0,0.0,0.0298947314691,0.0,
252    ,0.0,0.0,0.0,0.0,0.0,0.0,0.0,
253    ,0.0,0.0,0.0,0.0,0.0,0.0,0.0,
254    ,0.0,0.0,0.0,0.0,0.0,0.0,0.0,
255    ,0.0,0.0,0.0,0.0,0.0,0.0,0.0,
256    ,0.0,0.0,0.00293876780571,0.0,0.0,0.0,0.0,
257    ,0.0,0.0,0.0,0.0,0.0,0.0,0.0,
258    ,0.0,0.0,0.00411001577046,0.00186330791164,0.000353218973591,0.0273273729574,0.0,
260    ,0.0367914786457,0.0378931025246,0.0321200074304,0.0455707405072,0.061073584485,0.0422397842277,0.0371480281178,
261    ,0.00172356797095,0.0,0.00158624883136,0.00129439766475,0.0263879372254,0.00978137196624,0.0189712325286,
262    ,0.0,0.0,0.0,0.0,0.0,0.0,0.0,
263    ,0.0,0.00708847974769,0.00130434416277,0.00140322018227,0.00325248476522,0.00253795880429,0.0307880542036,
264    ,0.0421623475112,0.0202000796145,0.0385495514064,0.0150412938947,0.0162847390409,0.0384042113519,0.0384829415201,
265    ,0.00391609819159,0.0040214346023,0.0102341670533,0.0221997228413,0.0,0.00779759313709,0.0526311292461,
266    ,0.0,0.0,0.0,0.0,0.0,0.0,0.0,
267    ,0.0,0.0,0.0,0.0,0.0,0.0,0.0,
268    ,0.027240934747,0.0260140581022,0.0281973228171,0.0279505497773,0.0318165236734,0.0225866544821,0.0319109368243,
300    ,0.700008583943,0.0,0.0,0.0,0.0,0.0,0.0,
301    ,0.0,0.0,0.0,0.0,0.0,0.0,0.0,
302    ,0.000585041776349,0.0,0.0,0.0,0.0,0.0,0.0,
303    ,0.0,0.0,0.0,0.0,0.0,0.0,0.0,
304    ,0.108777564711,0.0263313923741,0.0748459934594,0.0748596332735,0.0729967282921,0.0748062398895,0.0750232771614,
305    ,0.000699149476175,0.0,0.0,0.0,0.0,0.0,0.0,
306    ,0.0,0.0,0.0,0.0,0.0,0.0,0.0,
307    ,0.140941688875,0.0446950453412,0.0165315430178,0.00588044099179,0.00461649231731,0.00245598173564,0.000717913671234,
308    ,0.0110728829111,0.0,0.0,0.0,0.0,0.0,0.0,
310    ,0.0,0.111578209465,0.0404266815077,0.0123358917752,0.0285581887472,0.0,0.0115185374996,
311    ,0.0,0.0,0.0,0.0,0.0,0.0,0.0,
312    ,0.0,0.0,0.0,0.0,0.0,0.0,0.0,
313    ,0.0,0.000474907749077,0.00089390710661,0.0,0.0,0.000779014710991,0.0,
314    ,0.00166517211925,0.0303894171975,0.0,0.0,0.0,0.0,0.0,
315    ,0.000854964345741,0.000248677248677,0.0,0.0,0.0,0.00428228357102,0.0,
316    ,0.0,0.0,0.0,0.0,0.0,0.0,0.0,
317    ,0.0,0.0,0.0,0.0,0.0,0.0,0.0,
318    ,0.0,0.00585633079059,0.0,0.00337391258823,0.0,0.0,0.0,
320    ,0.0,0.0,0.0,0.0,0.0,0.0,0.0,
321    ,0.0,0.0,0.0,0.0,0.0,0.0,0.0,
322    ,0.0,0.0,0.0,0.0,0.0,0.0,0.0,
323    ,0.0,0.0,0.0483196811689,0.0675724295364,0.00313098833586,0.0,0.0,
324    ,0.0480025297382,0.0534641176288,0.0463674557463,0.0534873725815,0.0512205719588,0.0531145137795,0.0529879329386,
325    ,0.010721119666,0.012335179492,0.0293950709931,0.00944189946817,0.00949252865988,0.0230444310569,0.0167780944012,
326    ,0.0285787711888,0.00255420319568,0.00776645235724,0.0,0.00200973537418,0.00232428156271,0.0,
327    ,0.0,0.00239836559389,0.0225241441153,0.0607776285545,0.0,0.00558109766226,0.00565691094011,
328    ,0.00266686193079,0.00136490676734,0.035350815228,0.00472196209026,0.00692422458754,0.0386783478382,0.0169463018199,
330    ,0.0150579839971,0.0,0.0,0.0194173810006,0.0,0.000750857647285,0.0,
331    ,0.0,0.0,0.0,0.0,0.0,0.0,0.0,
332    ,0.0,0.0,0.0,0.0,0.0,0.0,0.0,
333    ,0.0,0.0,0.0,0.0,0.0,0.0,0.0,
334    ,0.0,0.0,0.0,0.0,0.0,0.0,0.0,
335    ,0.000259590980378,0.0,0.0,0.0,0.0,0.0,0.0,
336    ,0.0,0.0,0.0,0.0,0.0,0.0,0.0,
337    ,0.0,0.0,0.0,0.0,0.0,0.0,0.0,
338    ,0.0,0.0,0.0,0.0,0.0,0.0,0.0,
340    ,0.00628077354544,0.0248675178925,0.0127036518399,0.00446696051623,0.109978151192,0.0240100531952,0.0077561250754,
341    ,0.00348683033792,0.0,0.0,0.0,0.00193439916175,0.0,0.0,
342    ,0.0,0.0,0.0,0.0,0.0,0.0,0.0,
343    ,0.0,0.0,0.0,0.0,0.0,0.0,0.0,
344    ,0.0,0.0,0.0,0.0,0.0,0.0,0.0,
345    ,0.00267091471698,0.0,0.0,0.0,0.0,0.0,0.0,
346    ,0.0,0.0,0.0,0.0,0.0,0.0,0.0,
347    ,0.0,0.0,0.0,0.0,0.0,0.0,0.0,
348    ,0.0,0.0,0.00295898552544,0.0,0.00916166084069,0.0,0.000838284589513,
350    ,0.0625612449256,0.0142612504151,0.0345377322031,0.0316275273942,0.0206439518842,0.101690329766,0.018780824968,
351    ,0.0,0.0,0.0,0.0,0.0,0.0176771612067,0.0,
352    ,0.0,0.0,0.0,0.0,0.0,0.0,0.0,
353    ,0.0,0.0,0.0,0.0,0.0,0.0,0.0,
354    ,0.0,0.0,0.0,0.0,0.0,0.0,0.0,
355    ,0.0,0.0,0.0,0.0,0.0,0.0,0.0,
356    ,0.0,0.0,0.0,0.0,0.0,0.0,0.0,
357    ,0.0,0.0,0.0,0.0,0.0,0.0,0.0,
358    ,0.000888172350268,0.0,0.0,0.00270222993367,0.00261578157051,0.0346211021009,0.00668061563438,
360    ,0.0350890287253,0.0359871822283,0.032328573441,0.0363724064007,0.0559244832914,0.0411888539751,0.0369507739564,
361    ,0.0,0.00254545360837,0.0,0.00084968758135,0.00257471512515,0.0,0.0145652495234,
362    ,0.0,0.0,0.0,0.0,0.0,0.0,0.0,
363    ,0.00196010159456,0.00237322120062,0.00525842237116,0.0105044520666,0.028387243663,0.0,0.0178694690754,
364    ,0.0138751071628,0.0101162573539,0.0157713927772,0.00873306198266,0.0124783813708,0.00622638573385,0.0408397616933,
365    ,0.01499640126,0.0017384094385,0.0169461425884,0.0407024529071,0.0158505441239,0.0446373793849,0.044988332276,
366    ,0.0,0.0,0.0,0.0,0.0,0.0,0.0,
367    ,0.0,0.0,0.0,0.0,0.0,0.0,0.0,
368    ,0.0325871451231,0.02438836973,0.0223015556705,0.0323351309335,0.0322778298215,0.0313451131373,0.0326670096682,
400    ,0.0221666666667,0.0,0.682778164853,0.0,0.0,0.0,0.406608419814,
401    ,0.0,0.0,0.0,0.0,0.0,0.0,0.0,
402    ,0.000634578903571,0.0,0.0,0.0,0.0,0.0,0.0,
403    ,0.0,0.0,0.0,0.0,0.0,0.0,0.0,
404    ,0.0769613307699,0.0156761064047,0.0507610930268,0.103658794967,0.0212662454113,0.0760315246727,0.0366482430975,
405    ,0.00137613153423,0.0,0.0,0.0,0.0,0.0,0.0,
406    ,0.0,0.0,0.0,0.0,0.0,0.0,0.0,
407    ,0.123083632963,0.0690547724887,0.00122359272398,0.000688052280638,0.0087130686998,0.0276995131924,0.0352457385334,
408    ,0.0,0.0,0.0,0.0,0.0,0.0,0.0,
410    ,0.0,0.120071855316,0.0253663546742,0.00145046618767,0.00127276132886,0.0,0.0116865248948,
411    ,0.0,0.0,0.0,0.0,0.0,0.0,0.0,
412    ,0.0,0.0,0.0,0.0,0.0,0.0,0.0,
413    ,0.000691098077587,0.0,0.0,0.0,0.0,0.0,0.0,
414    ,0.0425241575759,0.023327966305,0.00201683492283,0.000686667665104,0.0,0.000530245166371,0.0,
415    ,0.000212246965005,6.25304260868e-05,0.0,0.0,0.0,0.0,0.0,
416    ,0.0,0.0,0.0,0.0,0.0,0.0,0.0,
417    ,0.0,0.0,0.0,0.0,0.0,0.0,0.0,
418    ,0.0,0.0,0.0,0.00576665232672,0.0,0.0,0.0,
420    ,0.0,0.0,0.0,0.0,0.0,0.0,0.0,
421    ,0.0,0.0,0.0,0.0,0.0,0.0,0.0,
422    ,0.0,0.0,0.0,0.0,0.0,0.0,0.0,
423    ,0.0,0.0,0.0,0.0,0.0,0.0481635142652,0.0,
424    ,0.0544472514366,0.0531627493376,0.254593260178,0.0402645578665,0.0428043853586,0.0454864386772,0.0548143889513,
425    ,0.0179641808547,0.00705585591203,0.0300072451484,0.0142650341019,0.00508424828776,0.0120961456303,0.00588080909206,
426    ,0.00795221454698,0.0,0.00462147098054,0.0,0.0,0.0,0.0,
427    ,0.0,0.0,0.0870850168171,0.0,0.00048190719012,0.0,0.0,
428    ,0.0114409423754,0.0,0.020718997573,0.0246958893547,0.00322796728098,0.00314221779118,0.00684506937144,
430    ,0.0,0.0,0.0,0.0202056324667,0.000785871202593,0.0,0.0,
431    ,0.0,0.0,0.0,0.0,0.0,0.0,0.0,
432    ,0.0,0.0,0.0,0.0,0.0,0.0,0.0,
433    ,0.0,0.0,0.0,0.0,0.0,0.0,0.0,
434    ,0.0,0.0,0.0,0.0,0.0,0.0,0.0,
435    ,0.0,0.0,0.0,0.0,0.0,0.0,0.0,
436    ,0.0,0.0,0.0,0.0,0.0,0.0,0.0,
437    ,0.0,0.0,0.0,0.0,0.0,0.0,0.0,
438    ,0.0,0.0,0.0,0.0,0.0,0.0,0.0,
440    ,0.0318095560584,0.0171986079886,0.0676555121894,0.0136327023934,0.139273737013,0.018771000425,0.0676764321715,
441    ,0.000484383924323,0.0,0.0,0.0,0.00579610836877,0.0,0.0,
442    ,0.0,0.0,0.0,0.0,0.0,0.0,0.0,
443    ,0.0,0.0,0.0,0.0,0.0,0.0,0.0,
444    ,0.0,0.0,0.0,0.0,0.0,0.0,0.0,
445    ,0.0,0.0,0.0,0.0,0.0,0.0,0.0,
446    ,0.0,0.0,0.0,0.0,0.0,0.0,0.0,
447    ,0.0,0.0,0.0,0.0,0.0,0.0,0.0,
448    ,0.0,0.0,0.0,0.00801922145896,0.000810188531422,0.0,0.0,
450    ,0.00994761198384,0.0247026611357,0.0858984212758,0.0169727760515,0.00588851086186,0.102257093292,0.0310727205906,
451    ,0.0147924378287,0.0,0.0,0.0,0.0,0.00709381334486,0.0,
452    ,0.0,0.0,0.0,0.0,0.0,0.0,0.0,
453    ,0.0,0.0,0.0,0.0,0.0,0.0,0.0,
454    ,0.0,0.0,0.0,0.0,0.0,0.0,0.0,
455    ,0.0,0.0,0.0,0.0,0.0,0.0,0.0,
456    ,0.0,0.0,0.0,0.0,0.0,0.0,0.0,
457    ,0.0,0.0,0.0,0.0,0.0,0.0,0.0,
458    ,0.00462366865564,0.0,0.00223763265206,0.00356479820838,0.0,0.0609545246522,0.00141731084593,
460    ,0.0183382943322,0.0446118729709,0.0396848472745,0.0304016923148,0.0404180090351,0.0321901858505,0.0443979550182,
461    ,0.0014522933325,0.00213246523194,0.00162486171096,0.0,0.00518464225338,0.00152425797433,0.0249025662767,
462    ,0.0,0.0,0.0,0.0,0.0,0.0,0.0,
463    ,0.00115582507672,0.0034782482595,0.0036023968638,0.0240682812082,0.00271010728894,0.00272470688691,0.00315002165313,
464    ,0.0122229061226,0.0105346911747,0.0138912254742,0.00628708073099,0.0105524175247,0.016590034175,0.0418452431114,
465    ,0.0518252098897,0.00308164611032,0.0130122152165,0.000963900902113,0.00372405686833,0.0518755838617,0.0132105616569,
466    ,0.0,0.0,0.0,0.0,0.0,0.0,0.0,
467    ,0.0,0.0,0.0,0.0,0.0,0.0,0.0,
468    ,0.0170060699991,0.0281584928279,0.0121330532606,0.0144837060607,0.0315709891962,0.0252144590502,0.0344623736002,
500    ,0.0293571428571,0.0,0.0,0.0,0.0,0.0,0.0,
501    ,0.0,0.0,0.0,0.0,0.0,0.0,0.0,
502    ,0.000482539627241,0.0,0.0,0.0,0.0,0.0,0.0,
503    ,0.0,0.0,0.0,0.0,0.0,0.0,0.0,
504    ,0.0836747540834,0.00584741737587,0.00115141111579,0.00335126568287,0.0164268941917,0.0,0.00455632210591,
505    ,0.00214561034575,0.0,0.0,0.0,0.0,0.0,0.0,
506    ,0.0,0.0,0.0,0.0,0.0,0.0,0.0,
507    ,0.0670272020222,0.00231013051408,0.0,0.0,0.000300968559957,0.00507559349264,0.0,
508    ,0.0,0.0,0.0,0.0,0.0,0.0,0.0,
510    ,0.139801910213,0.13995092361,0.0,0.0132316884821,0.00131172418146,0.0151014109293,0.138227669428,
511    ,0.0,0.0,0.0,0.0,0.0,0.0,0.0,
512    ,0.0,0.0,0.0,0.0,0.0,0.0,0.0,
513    ,0.0,0.0,0.0,0.0,0.0,0.0,0.0,
514    ,0.0,0.038446091521,0.00398587744293,0.0,0.0011722054845,0.00713523956163,0.0,
515    ,0.0,0.0,0.0,0.0,0.0,0.00112413401677,0.0,
516    ,0.0,0.0,0.0,0.0,0.0,0.0,0.0,
517    ,0.0,0.0,0.0,0.0,0.0,0.0,0.0,
518    ,0.0,0.00226407783565,0.0,0.0,0.0,0.0,0.0,
520    ,0.0,0.0,0.0,0.0,0.0,0.0,0.0,
521    ,0.0,0.0,0.0,0.0,0.0,0.0,0.0,
522    ,0.0,0.0,0.0,0.0,0.0,0.0,0.0,
523    ,0.0,0.0,0.0,0.0,0.0,0.0,0.0,
524    ,0.0403671761788,0.0315061908783,0.228747717321,0.0567488026172,0.0270240757074,0.0672153384095,0.0482342044986,
525    ,0.03270935522,0.00985133085922,0.0328707346621,0.0132767678507,0.0108847558846,0.0123267195777,0.00833848373241,
526    ,0.0,0.0,0.00904649161703,0.0,0.0,0.0,0.0,
527    ,0.0322903468291,0.0,0.0200428026255,0.0,0.0,0.0,0.0,
528    ,0.00263523800299,0.0,0.0332455983033,0.00296444766917,0.00587466225177,0.00319727785508,0.0,
530    ,0.0,0.000556986553639,0.0,0.022880389755,0.0,0.0,0.0,
531    ,0.0,0.0,0.0,0.0,0.0,0.0,0.0,
532    ,0.0,0.0,0.0,0.000477169982738,0.0,0.0,0.0,
533    ,0.0,0.0,0.0,0.0,0.0,0.0,0.0,
534    ,0.0,0.0,0.0,0.0,0.0,0.0,0.0,
535    ,0.0,0.0,0.0,0.0,0.0,0.0,0.0,
536    ,0.0,0.0,0.0,0.0,0.0,0.0,0.0,
537    ,0.0,0.0,0.0,0.0,0.0,0.0,0.0,
538    ,0.0,0.0,0.0,0.0,0.0,0.0,0.0,
540    ,0.00744721469674,0.0,0.00092989992568,0.0155138782591,0.122855164426,0.00132435086521,0.00549330981396,
541    ,0.0,0.0,0.0,0.0,0.0328593318942,0.0,0.0,
542    ,0.0,0.0,0.0,0.0,0.0,0.0,0.0,
543    ,0.0,0.0,0.0,0.0,0.0,0.0,0.0,
544    ,0.0,0.0,0.0,0.0,0.0,0.0,0.0,
545    ,0.0,0.0,0.0,0.0,0.0,0.0,0.0,
546    ,0.0,0.0,0.0,0.0,0.0,0.0,0.0,
547    ,0.0,0.0,0.0,0.0,0.0,0.0,0.0,
548    ,0.0,0.0,0.0,0.0,0.00494107885487,0.0,0.0,
550    ,0.0194414180242,0.00779973775245,0.0178966389175,0.0246539689148,0.0321279542272,0.0891158482712,0.0266642067283,
551    ,0.0,0.0,0.0,0.0,0.0,0.0375988512966,0.0,
552    ,0.0,0.0,0.0,0.0,0.0,0.0,0.0,
553    ,0.0,0.0,0.0,0.0,0.0,0.0,0.0,
554    ,0.0,0.0,0.0,0.0,0.0,0.0,0.0,
555    ,0.0,0.0,0.0,0.0,0.0,0.0,0.0,
556    ,0.0,0.0,0.0,0.0,0.0,0.0,0.0,
557    ,0.0,0.0,0.0,0.0,0.0,0.0,0.0,
558    ,0.0,0.0,0.0,0.0,0.0,0.0608755994804,0.0,
560    ,0.0289628098597,0.0375993668402,0.0315452522799,0.0444789097689,0.042103121944,0.041642334153,0.0493029933612,
561    ,0.0252510839073,0.00542355240404,0.0015155986702,0.0,0.00109647974457,0.00166113724152,0.0211056765179,
562    ,0.0,0.0,0.0,0.0,0.0,0.0,0.0,
563    ,0.0,0.00489538545212,0.0,0.0,0.0,0.000909488401649,0.0110632662599,
564    ,0.0148417491141,0.0159197408506,0.0172702547822,0.0100567549963,0.00732467723234,0.0176118374284,0.0439332106088,
565    ,0.0,0.00337773527667,0.0226062853533,0.0,0.00148417838126,0.0,0.019877748783,
566    ,0.0,0.0,0.0,0.0,0.0,0.0,0.0,
567    ,0.0,0.0,0.0,0.0,0.0,0.0,0.0,
568    ,0.00937744119505,0.0183285878109,0.0251624389375,0.0119956934083,0.0352765890587,0.0136536910808,0.0361941035841,
600    ,0.0323125,0.0,0.0,0.0,0.0,0.0,0.0,
601    ,0.0,0.0,0.0,0.0,0.0,0.0,0.0,
602    ,0.000549074792961,0.0,0.0,0.0,0.0,0.0,0.0,
603    ,0.0,0.0,0.0,0.0,0.0,0.0,0.0,
604    ,0.0573522758109,0.00979960593706,0.0102651531321,0.00380614079404,0.0,0.0037878994203,0.00272300747638,
605    ,0.0,0.0,0.0,0.0,0.0,0.0,0.0,
606    ,0.0,0.0,0.0,0.0,0.0,0.0,0.0,
607    ,0.0602702675125,0.0,0.0,0.000962204491958,0.000693337023614,0.0,0.0,
608    ,0.0,0.0,0.0,0.0,0.0,0.0,0.0,
610    ,0.000386643384529,0.154865102545,0.0,0.0,0.0123186915228,0.0,0.0,
611    ,0.0,0.0,0.0,0.0,0.0,0.0,0.0,
612    ,0.0,0.0,0.0,0.0,0.0,0.0,0.0,
613    ,0.0,0.0,0.0,0.0,0.0,0.0,0.0,
614    ,0.0517780573748,0.031759129833,0.0032261566872,0.0,0.0,0.0127716969276,0.000832587513697,
615    ,0.0,0.000531942088075,0.0,0.0,0.0,0.0,0.0,
616    ,0.0,0.0,0.0,0.0,0.0,0.0,0.0,
617    ,0.0,0.0,0.0,0.0,0.0,0.0,0.0,
618    ,0.0,0.0,0.0,0.00189978059921,0.0,0.0,0.0,
620    ,0.0,0.0,0.0,0.0,0.0,0.0,0.0,
621    ,0.0,0.0,0.0,0.0,0.0,0.0,0.0,
622    ,0.0,0.0,0.0,0.0,0.0,0.0,0.0,
623    ,0.0,0.0,0.0,0.0,0.0,0.0,0.0,
624    ,0.0552968659531,0.0542612421383,0.0580462029785,0.0213039063279,0.0178292130897,0.01093490098,0.0309368879029,
625    ,0.00393306588284,0.0024369234497,0.0322971649672,0.00229905002696,0.00116406216248,0.0025153264555,0.00120174856174,
626    ,0.00551623167008,0.0,0.00412469097119,0.0,0.0,0.0,0.0,
627    ,0.0,0.0214688450233,0.0157814845558,0.0,0.0,0.0,0.0,
628    ,0.0,0.0,0.0204114516688,0.033539246356,0.00476655710705,0.00605967394909,0.00313412703887,
630    ,0.00397493413436,0.000526747074689,0.0,0.0296613286453,0.0,0.0,0.0,
631    ,0.0,0.0,0.0,0.0,0.0,0.0,0.0,
632    ,0.000265535122397,0.0,0.0,0.0,0.0,0.0,0.0,
633    ,0.0,0.0,0.0,0.0,0.0,0.0,0.0,
634    ,0.0,0.0,0.0,0.0,0.0,0.0,0.0,
635    ,0.0,0.0,0.0,0.000158786610879,0.0,0.0,0.0,
636    ,0.0,0.0,0.0,0.0,0.0,0.0,0.0,
637    ,0.0,0.0,0.0,0.0,0.0,0.0,0.0,
638    ,0.0,0.0,0.0,0.0,0.0,0.0,0.0,
640    ,0.0168849462806,0.0138466607764,0.00871036723536,0.00563412881364,0.195915606678,0.00566859932254,0.00507726311509,
641    ,0.0172769226174,0.00820749339614,0.0,0.0,0.0,0.0,0.0,
642    ,0.0,0.0,0.0,0.0,0.0,0.0,0.0,
643    ,0.0,0.0,0.0,0.0,0.0,0.0,0.0,
644    ,0.0,0.0,0.0,0.0,0.0,0.0,0.0,
645    ,0.0,0.0,0.0,0.0,0.0,0.0,0.0,
646    ,0.0,0.0,0.0,0.0,0.0,0.0,0.0,
647    ,0.0,0.0,0.0,0.0,0.0,0.0,0.0,
648    ,0.0,0.0,0.0,0.0,0.000756879731961,0.0,0.0,
650    ,0.0164741411852,0.0791890940894,0.0226452328384,0.108766848758,0.109013915129,0.1122398499,0.102020563396,
651    ,0.0357839195762,0.0,0.0,0.0,0.0,0.00383045546254,0.0,
652    ,0.0,0.0,0.0,0.0,0.0,0.0,0.0,
653    ,0.0,0.0,0.0,0.0,0.0,0.0,0.0,
654    ,0.0,0.0,0.0,0.0,0.0,0.0,0.0,
655    ,0.0,0.0,0.0,0.0,0.0,0.0,0.0,
656    ,0.0,0.0,0.0,0.0,0.0,0.0,0.0,
657    ,0.0,0.0,0.0,0.0,0.0,0.0,0.0,
658    ,0.0584360383429,0.0,0.000987703681057,0.00109069002219,0.0,0.00170481283422,0.00134481386642,
660    ,0.0264668838013,0.0441994353612,0.0284921064274,0.0410333172409,0.0473554378289,0.0493289167294,0.0584581061315,
661    ,0.0027332833313,0.0,0.0,0.0263839918887,0.00326994150204,0.000979881277598,0.00271630803809,
662    ,0.0,0.0,0.0,0.0,0.0,0.0,0.0,
663    ,0.00432267847762,0.00167856401938,0.0021693859753,0.00460472642331,0.000928731056933,0.00226455181064,0.0216227950452,
664    ,0.0433607463545,0.0395306815217,0.0197432719238,0.0184435083086,0.0287881321681,0.0204718892849,0.0364672320345,
665    ,0.00277554526581,0.00206623384967,0.0015849297124,0.00158595969297,0.0,0.00206594261664,0.0190168802358,
666    ,0.0,0.0,0.0,0.0,0.0,0.0,0.0,
667    ,0.0,0.0,0.0,0.0,0.0,0.0,0.0,
668    ,0.0155736634153,0.0264467008299,0.0322540743656,0.0287631962493,0.0159252612192,0.0224437788367,0.0339405466875,
700    ,0.029,0.0,0.0,0.0,0.0,0.0,0.0,
701    ,0.0,0.0,0.0,0.0,0.0,0.0,0.0,
702    ,0.000954387967515,0.0,0.0,0.0,0.0,0.0,0.0,
703    ,0.0,0.0,0.0,0.0,0.0,0.0,0.0,
704    ,0.0519998340321,0.00254658574048,0.0,0.0,0.0,0.0,0.00225016343785,
705    ,0.0,0.0,0.0,0.0,0.0,0.0,0.0,
706    ,0.0,0.0,0.0,0.0,0.0,0.0,0.0,
707    ,0.055871721093,0.00163517777676,0.0,0.00710098036249,0.0,0.00219025757039,0.0,
708    ,0.0,0.0,0.0,0.0,0.0,0.0,0.0,
710    ,0.129896089394,0.466499474073,0.0715534564427,0.00125508788715,0.00118859209511,0.0549661761195,0.0621219305379,
711    ,0.0,0.0,0.0,0.0,0.0,0.0,0.0,
712    ,0.0,0.0,0.0,0.0,0.0,0.0,0.0,
713    ,0.0,0.0,0.0,0.0,0.0,0.0,0.0,
714    ,0.0,0.0349762851872,0.0,0.0,0.0,0.0,0.0,
715    ,0.0,0.000322961548205,0.0,0.0,0.0,0.0,0.0,
716    ,0.0,0.0,0.0,0.0,0.0,0.0,0.0,
717    ,0.0,0.0,0.0,0.0,0.0,0.0,0.0,
718    ,0.0,0.0,0.0,0.0,0.0,0.00650815158636,0.0,
720    ,0.0,0.0,0.818177463099,0.0,0.0,0.0,0.0,
721    ,0.0,0.0,0.0,0.0,0.0,0.0,0.0,
722    ,0.0,0.0,0.0,0.0,0.0,0.0,0.0,
723    ,0.0,0.0,0.0,0.0,0.0,0.0,0.0,
724    ,0.00136660592833,0.00372785277464,0.0585983381892,0.0,0.00496829521474,0.0364420382247,0.00177565652454,
725    ,0.00136303392202,0.00366421128767,0.0330704061054,0.00326208081357,0.0,0.00168042565258,0.00125696175331,
726    ,0.00267912457413,0.0,0.000382484599833,0.0,0.0,0.0,0.0,
727    ,0.024032459065,0.0,0.00755520709231,0.0,0.0,0.0,0.0,
728    ,0.0,0.0,0.019581705928,0.0,0.0,0.0,0.0,
730    ,0.0,0.0,0.000346131169175,0.0477006432446,0.0,0.000817884281834,0.00455167295299,
731    ,0.0,0.0,0.0,0.0,0.0,0.0,0.0,
732    ,0.0,0.0,0.0,0.0,0.0,0.0,0.0,
733    ,0.0,0.0,0.0,0.0,0.0,0.0,0.0,
734    ,0.0,0.0,0.0,0.0,0.0,0.0,0.0,
735    ,0.000477136726985,0.0,0.0,0.0,0.0,0.0,0.0,
736    ,0.0,0.0,0.0,0.0,0.0,0.0,0.0,
737    ,0.0,0.0,0.0,0.0,0.0,0.0,0.0,
738    ,0.0,0.0,0.0,0.0,0.0,0.0,0.0,
740    ,0.0552141952114,0.0292981986619,0.00124808027206,0.0,0.187772073588,0.00229913862402,0.00802021054541,
741    ,0.0,0.0,0.0,0.0,0.00163990595408,0.0,0.0,
742    ,0.0,0.0,0.0,0.0,0.0,0.0,0.0,
743    ,0.0,0.0,0.0,0.0,0.0,0.0,0.0,
744    ,0.0,0.0,0.0,0.0,0.0,0.0,0.0,
745    ,0.0,0.0,0.0,0.0,0.0,0.0,0.0,
746    ,0.0,0.0,0.0,0.0,0.0,0.0,0.0,
747    ,0.0,0.0,0.0,0.0,0.0,0.0,0.0,
748    ,0.0,0.0,0.0,0.0,0.0,0.0,0.0,
750    ,0.133794798566,0.0321967544128,0.0282030009767,0.00198537896541,0.00159475713054,0.300114030667,0.130086201678,
751    ,0.0,0.0,0.0,0.0,0.0,0.00418927615638,0.0,
752    ,0.0,0.0,0.0,0.0,0.0,0.0,0.0,
753    ,0.0,0.0,0.0,0.0,0.0,0.0,0.0,
754    ,0.0,0.0,0.0,0.0,0.0,0.0,0.0,
755    ,0.0,0.0,0.0,0.0,0.0,0.0,0.0,
756    ,0.0,0.0,0.0,0.0,0.0,0.000818181818182,0.0,
757    ,0.0,0.0,0.0,0.0,0.0,0.0,0.0,
758    ,0.0,0.0,0.0,0.0,0.0,0.00887623833359,0.0,
760    ,0.0572826948428,0.0506354142287,0.022826871652,0.0579598695219,0.0492018187329,0.0467540939043,0.0588481230079,
761    ,0.00250332259101,0.0,0.0,0.0,0.0,0.0,0.00940999822098,
762    ,0.0,0.0,0.0,0.0,0.0,0.0,0.0,
763    ,0.0,0.0254780667753,0.0,0.0,0.00253042554051,0.0,0.0192529181513,
764    ,0.0410376795529,0.0413647249423,0.0116672690733,0.0145286657798,0.0195935516863,0.0153263935594,0.041999154573,
765    ,0.0,0.00123013848993,0.00141297735235,0.00132495692852,0.00324406043888,0.0,0.0295117126407,
766    ,0.0,0.0,0.0,0.0,0.0,0.0,0.0,
767    ,0.0,0.0,0.0,0.0,0.0,0.0,0.0,
768    ,0.0106947931212,0.0103447133104,0.024006865325,0.00685135657033,0.00527739447988,0.0103680153751,0.0328414483755,
800    ,0.0266666666667,0.0,0.0,0.0,0.0,0.0,0.0,
801    ,0.0,0.0,0.0,0.0,0.0,0.0,0.0,
802    ,0.0,0.0,0.0,0.0,0.0,0.0,0.0,
803    ,0.0,0.0,0.0,0.0,0.0,0.0,0.0,
804    ,0.0543129741405,0.0,0.0,0.0,0.0,0.0,0.0,
805    ,0.0,0.0,0.0,0.0,0.0,0.0,0.0,
806    ,0.0,0.0,0.0,0.0,0.0,0.0,0.0,
807    ,0.0462504698479,0.0,0.0,0.0,0.000690938618309,0.0,0.0,
808    ,0.0,0.0,0.0,0.0,0.0,0.0,0.0,
810    ,0.507851206388,0.318831161613,0.314979471965,0.177735620507,0.00969114235657,0.31754525378,0.318475257615,
811    ,0.0,0.0,0.0,0.0,0.0,0.0,0.0,
812    ,0.0,0.0,0.0,0.0,0.0,0.0,0.0,
813    ,0.0,0.0,0.0,0.0,0.0,0.0,0.0,
814    ,0.0,0.0432007872768,0.0,0.000518713597129,0.0396302326385,0.0,0.0,
815    ,0.0,0.0,0.0,0.0,0.0,0.0,0.0,
816    ,0.0,0.0,0.0,0.0,0.0,0.0,0.0,
817    ,0.0,0.0,0.0,0.0,0.0,0.0,0.0,
818    ,0.0,0.000660968329755,0.0,0.0,0.0,0.0,0.0,
820    ,0.718660836182,0.678347126138,0.681392342532,0.703365064852,0.743431779918,0.722128352866,0.70951263176,
821    ,0.0,0.0,0.0,0.0,0.0,0.0,0.0,
822    ,0.0,0.0,0.0,0.0,0.0,0.0,0.0,
823    ,0.0,0.0,0.0,0.0,0.0,0.0,0.0,
824    ,0.0566538058352,0.00607569734436,0.0611743925715,0.00465848362201,0.0,0.000671495463887,0.0,
825    ,0.0308462667173,0.00152886543024,0.0416386796704,0.00223367922152,0.00532261605441,0.00259196807382,0.00218341792685,
826    ,0.0,0.0,0.000549867871847,0.0,0.0,0.0,0.0,
827    ,0.0086936783037,0.00158202252668,0.0,0.0,0.0,0.0,0.0,
828    ,0.015345150948,0.0,0.0066865968954,0.0,0.0,0.0,0.0,
830    ,0.209891551266,0.211240395496,0.208933548576,0.0610457425069,0.209181711977,0.20947706567,0.0,
831    ,0.0,0.0,0.0,0.0,0.0,0.0,0.0,
832    ,0.0,0.0,0.0,0.0,0.0,0.0,0.0,
833    ,0.0,0.0,0.0,0.0,0.0,0.0,0.0,
834    ,0.0,0.0,0.0,0.0,0.0,0.0,0.0,
835    ,0.0,0.0,0.0,0.0,0.0,0.0,0.0,
836    ,0.0,0.0,0.0,0.0,0.0,0.0,0.0,
837    ,0.0,0.0,0.0,0.0,0.0,0.0,0.0,
838    ,0.0,0.0,0.0,0.0,0.0,0.0,0.0,
840    ,0.005094507921,0.150221639519,0.172606642047,0.173680882957,0.173473598239,0.117946746977,0.173946048912,
841    ,0.0021390719109,0.0,0.0,0.0,0.0001504,0.0,0.0,
842    ,0.0,0.0,0.0,0.0,0.0,0.0,0.0,
843    ,0.0,0.0,0.0,0.0,0.0,0.0,0.0,
844    ,0.0,0.0,0.0,0.0,0.0,0.0,0.0,
845    ,0.0,0.0,0.0,0.0,0.0,0.0,0.0,
846    ,0.0,0.0,0.0,0.0,0.0,0.0,0.0,
847    ,0.0,0.0,0.0,0.0,0.0,0.0,0.0,
848    ,0.0,0.0,0.0,0.0,0.0,0.0,0.0,
850    ,0.161886577008,0.162339148474,0.153768215584,0.00744038698305,0.162207108543,0.149827370153,0.311935393131,
851    ,0.0055451329537,0.0,0.0,0.0,0.0,0.00308198843568,0.0,
852    ,0.00239865869007,0.0,0.0,0.0,0.0,0.0,0.0,
853    ,0.0,0.0,0.0,0.0,0.0,0.0,0.0,
854    ,0.0,0.0,0.0,0.0,0.0,0.0,0.0,
855    ,0.0,0.0,0.0,0.0,0.0,0.0,0.0,
856    ,0.000964269128563,0.0,0.0,0.0,0.0,0.0,0.0,
857    ,0.0,0.0,0.0,0.0,0.0,0.0,0.0,
858    ,0.00523648407358,0.0,0.0,0.0,0.0,0.00970474550247,0.0,
860    ,0.0479122099741,0.0713869802897,0.0538411954527,0.0583999350425,0.0717621844315,0.0400740580536,0.0716049017534,
861    ,0.0019197304712,0.0,0.0,0.0349278668154,0.0,0.000591641458785,0.00274727546906,
862    ,0.0,0.0,0.0,0.0,0.0,0.0,0.0,
863    ,0.0,0.0149189308321,0.0,0.0,0.000991976965497,0.00828625577615,0.000692322343232,
864    ,0.0408772034445,0.00624490707018,0.0447576300875,0.00229505893615,0.00298172314076,0.00444098628783,0.0429783636926,
865    ,0.000933652261843,0.00845097281565,0.00425568669967,0.0333981269888,0.00244017560079,0.0,0.00186302821772,
866    ,0.0,0.0,0.0,0.0,0.0,0.0,0.0,
867    ,0.0,0.0,0.0,0.0,0.0,0.0,0.0,
868    ,0.010657259207,0.00427636086007,0.00525918391906,0.00486418572298,0.00748565777832,0.00640885374022,0.0343478557758,
900    ,0.479097958794,0.332221285367,0.480361895663,0.25835921756,0.389774764442,0.341516804086,0.245432003359,
901    ,0.0,0.0,0.0,0.0,0.0,0.0,0.0,
902    ,0.0,0.0,0.0,0.0,0.0,0.0,0.0,
903    ,0.00171946495202,0.0,0.0,0.0,0.0,0.0,0.0,
904    ,0.132770362096,0.0,0.00446984746754,0.00511567707251,0.0,0.0,0.0,
905    ,0.0,0.0,0.0,0.0,0.0,0.0,0.0,
906    ,0.0,0.0,0.0,0.0,0.0,0.0,0.0,
907    ,0.0424489144498,0.0,0.0,0.0,0.0,0.0,0.00149213567407,
908    ,0.00713963971228,0.0,0.0,0.0,0.0,0.0,0.0,
910    ,0.361018569485,0.408337949608,0.346943848617,0.348328164078,0.410687501911,0.290585811248,0.267047238717,
911    ,0.0,0.0,0.0,0.0,0.0,0.0,0.0,
912    ,0.0,0.0,0.0,0.0,0.0,0.0,0.0,
913    ,0.0,0.00130058142297,0.0,0.0,0.0,0.0,0.0,
914    ,0.101821856457,0.0523538017187,0.10102457427,0.100479343226,0.101011243699,0.0768765897866,0.101371299671,
915    ,0.0,0.000316517997379,0.0,0.0,0.0,0.0,0.0,
916    ,0.0,0.0,0.0,0.0,0.0,0.0,0.0,
917    ,0.0,0.0,0.0,0.0,0.0,0.0,0.0,
918    ,0.00110518497095,0.000171533445302,0.0,0.0,0.0,0.0,0.0,
920    ,0.341119315833,0.27195024936,0.422803729372,0.348144298538,0.424165436375,0.34622981844,0.261298694519,
921    ,0.0056283577548,0.0,0.00837550945127,0.00306228451893,0.0,0.0,0.0,
922    ,0.0,0.0,0.0,0.0,0.0,0.0,0.0,
923    ,0.00222743576979,0.0,0.0355829721698,0.0,0.0,0.0,0.0,
924    ,0.069302993851,0.0493762523719,0.0731342179232,0.0401033173553,0.060766840995,0.0622755181194,0.0696260782691,
925    ,0.0522660998399,0.0313145422226,0.0556323202358,0.0043930703132,0.00640414741697,0.0225643895225,0.0101682027206,
926    ,0.00424298185234,0.00557140958504,0.061662634121,0.00296186670748,0.00304268212578,0.0118164226223,0.00221399398887,
927    ,0.0498639870189,0.00135596302631,0.0744549654256,0.0,0.0,0.0,0.0023746944818,
928    ,0.0245636581344,0.00916625865832,0.0636315361352,0.00221027023917,0.00717852948454,0.00411839557286,0.0190072024168,
930    ,0.16407087245,0.127755250808,0.130454076075,0.137839521948,0.142199932278,0.129271118759,0.128130940459,
931    ,0.00175949445859,0.000727995363447,0.0,0.00402849550507,0.0,0.0,0.0,
932    ,0.00375605494106,0.0,0.0,0.00234880333203,0.0,0.0,0.0,
933    ,0.0,0.0,0.0,0.0,0.0,0.0,0.0,
934    ,0.16107224454,0.168678227537,0.149727826678,0.209556919327,0.157369430926,0.162323342422,0.154091158579,
935    ,0.00269907498787,0.0,0.0,0.00150063704965,0.0,0.0,0.0,
936    ,0.0168793884345,0.0,0.0,0.0147351858209,0.0,0.0,0.0,
937    ,0.0273882406444,0.0662563783857,0.0390579379604,0.0665687174982,0.059288987009,0.0249988662924,0.00218409476756,
938    ,0.0,0.0,0.0,0.0,0.0,0.0,0.0,
940    ,0.550528213483,0.449000616759,0.519331766063,0.439439024919,0.556179042175,0.419961166683,0.280534528479,
941    ,0.000315092337164,0.0,0.0,0.0,0.0,0.0,0.0,
942    ,0.0,0.0,0.0,0.0,0.00106059971613,0.0,0.0,
943    ,0.0,0.0,0.0,0.0,0.0,0.0,0.0,
944    ,0.0,0.0,0.0,0.0,0.0,0.0,0.0,
945    ,0.000894583601489,0.0,0.0,0.0,0.00030771492616,0.00694446958994,0.0,
946    ,0.0,0.0,0.0,0.0,0.0,0.0,0.0,
947    ,0.0,0.0,0.0,0.0,0.0,0.0,0.0,
948    ,0.0,0.0,0.0,0.0,0.0,0.0,0.0,
950    ,0.315452511378,0.362538296761,0.367837156864,0.341121825597,0.415619564974,0.414962919257,0.255060066419,
951    ,0.014561958145,0.0,0.0,0.0,0.0,0.00339170206108,0.0,
952    ,0.0,0.0,0.0,0.0,0.000699978708883,0.00243464055421,0.0,
953    ,0.0,0.0,0.0,0.0,0.0,0.0,0.0,
954    ,0.0,0.0,0.0,0.0,0.0,0.0,0.0,
955    ,0.0,0.0,0.0,0.0,0.0,0.0,0.0,
956    ,0.0,0.0,0.0,0.0,0.0,0.0,0.0,
957    ,0.0,0.0,0.0,0.0,0.0,0.0,0.0,
958    ,0.0132797670437,0.000920454043964,0.00127424773348,0.00477773466779,0.0,0.00442381510891,0.00156442710575,
960    ,0.0372376456418,0.0770103681659,0.295626561745,0.0521983000687,0.0598636199073,0.0770600575124,0.281595340266,
961    ,0.00580499736422,0.0394807730096,0.00211352022556,0.0216418554203,0.011662562589,0.00256495340665,0.0277638306583,
962    ,0.0,0.0,0.0,0.0,0.0,0.0,0.0,
963    ,0.00167462235116,0.00107949481149,0.0142303444518,0.000469948924137,0.00222139149244,0.00080893792379,0.00799310563438,
964    ,0.0513720850443,0.0510248806538,0.0510664708474,0.0623210090548,0.0509889771788,0.0510497749741,0.0999789822037,
965    ,0.0,0.0130091129847,0.00206212114752,0.00172265279871,0.00801572222576,0.00134126404653,0.0273987202186,
966    ,0.0,0.0,0.0,0.0,0.0,0.0,0.0,
967    ,0.0,0.0,0.0,0.0,0.0,0.0,0.0,
968    ,0.0240772799098,0.0193798750885,0.0300007923418,0.0450509999872,0.025899434735,0.0237186360017,0.0360563382856,
