000    ,0.0,0.0,0.0,0.0,0.0,0.0,0.0,
001    ,0.0,0.0,0.0,0.0,0.0,0.0,0.0,
002    ,0.0,0.0,0.0,0.0,0.0,0.0,0.0,
003    ,0.0,0.0,0.0,0.0,0.0,0.0,0.0,
004    ,0.0,0.0,0.0,0.0,0.0,0.0,0.0,
005    ,0.0,0.0,0.0,0.0,0.0,0.0,0.0,
006    ,0.0,0.0,0.0,0.0,0.0,0.0,0.0,
007    ,0.0,0.0,0.0,0.0,0.0,0.0,0.0,
008    ,0.0,0.0,0.0,0.0,0.0,0.0,0.0,
010    ,0.0,0.0,0.0,0.0,0.0,0.0,0.0,
011    ,0.0,0.0,0.0,0.0,0.0,0.0,0.0,
012    ,0.02779184052860032,0.020081725439675617,0.027505367952602736,0.027706779531680877,0.027736919259199053,0.027553055108211214,0.027591213347429394,
013    ,0.024154238535675124,0.022121065252060364,0.029131809740989955,0.02895554544750924,0.029096792998498763,0.029104553927508898,0.028997589166682082,
014    ,0.05359966378620815,0.11222319790938595,0.0665193566980291,0.03744119298410654,0.04543368426029973,0.11349641397039235,0.052712306616296375,
015    ,0.025725654935325505,0.01987560259391112,0.02582637877559303,0.025809504406297826,0.025771991554134052,0.02571630802602717,0.02562308924799351,
016    ,0.0,0.0,0.0,0.0,0.0,0.0,0.0,
017    ,0.0,0.0,0.0,0.0,0.0,0.0,0.0,
018    ,0.03297867503161989,0.03149492692913138,0.031442173026315474,0.03674927792886121,0.03299849962902743,0.03293691070929393,0.03282655395224053,
020    ,0.040093995089514986,0.0,0.17892077832315498,0.02406585969917646,0.005074578999687314,0.16054458592072063,0.0,
021    ,0.0255435600775072,0.030713713321078542,0.025559627370163023,0.02635999002644024,0.026250996401074773,0.02644232252665185,0.026182918463929217,
022    ,0.0,0.0,0.0,0.0,0.0,0.0,0.0,
023    ,0.024913070648812475,0.026181652301437493,0.022571894554347622,0.026765289196985013,0.026142117329039406,0.02625289237666732,0.0255985050795209,
024    ,0.04152713228403203,0.12835194669840347,0.06840738006717648,0.04205114628732929,0.03873432339452016,0.039675978681284294,0.041353967983241625,
025    ,0.02462411863602473,0.0247426162147403,0.01887961481076093,0.024662797448717824,0.024698868042021465,0.024733058983156437,0.02451533712077344,
026    ,0.023696426189360596,0.024973172303522417,0.01926325271062015,0.025026077383626215,0.025171390334426093,0.025055997166123306,0.025103570166632012,
027    ,0.1285040171448925,0.05621840682620145,0.18149458319387232,0.08060643446730996,0.09012458896464132,0.043314867280450677,0.054800327445286935,
028    ,0.03364397790585668,0.0299198548569102,0.032312734783823543,0.0291919291359036,0.02865256212515784,0.03015478585850925,0.026299484793325594,
030    ,0.04166861651893723,0.042605820585072195,0.032061309744732466,0.044029179233408454,0.06434567669359868,0.0611721865942304,0.04387550466879795,
031    ,0.028827849714707317,0.03073102142528106,0.02888532533358769,0.022479642638068197,0.02878662688850923,0.028844941235351234,0.028885540565019675,
032    ,0.02829097135562608,0.029964198402525143,0.029920179821046354,0.023461091160697972,0.028201733036933647,0.0289398848943822,0.030116435548305745,
033    ,0.0,0.0,0.0,0.0,0.0,0.0,0.0,
034    ,0.04073279640258888,0.04066054543861111,0.06684060883738363,0.03648324338944798,0.03946693597175179,0.038109038101683104,0.04052589414680141,
035    ,0.026767830121128426,0.026946485841158035,0.02690158112269104,0.020903753915919893,0.026918215977120706,0.027096765846200545,0.025133785137404222,
036    ,0.02888636885854164,0.02980825460345677,0.02728343028346814,0.025677632699962927,0.029619835099134295,0.028060638136946963,0.030434861675505766,
037    ,0.051399048025170015,0.04932072072683912,0.09130665331853341,0.07147406656272326,0.03544948359861243,0.06453887529385612,0.07194678174720748,
038    ,0.0,0.0,0.0,0.0,0.0,0.0,0.0,
040    ,0.02784522308176659,0.05018694662401683,0.0398092775580713,0.12430112787003325,0.06417490327438302,0.06493306489598182,0.05375439901895442,
041    ,0.028711608245281895,0.028892315024302277,0.028904085394427893,0.02876417964742953,0.022626855698796952,0.028860901906128177,0.028771838617942476,
042    ,0.028043706831036717,0.02799489032209289,0.027842752081061455,0.02801645778786463,0.020940868146405188,0.024242131355827982,0.027863041185865925,
043    ,0.0,0.0,0.0,0.0,0.0,0.0,0.0,
044    ,0.0,0.0,0.0,0.0,0.19620733385575803,0.009213640186980034,0.0,
045    ,0.026539280481210334,0.026685308225358452,0.026641759560213276,0.02670199332121904,0.021313753346222132,0.02704755826642967,0.02661960873687163,
046    ,0.027710441467382,0.02787238366118435,0.026627473296263245,0.027720935755643713,0.022157349528359984,0.02790991618078735,0.027731471721089224,
047    ,0.0,0.0,0.0,0.0,0.0,0.0,0.0,
048    ,0.029686103680199583,0.02816836797740873,0.027426656397428383,0.032082795480825106,0.02998932448027272,0.029740952685473724,0.029220786819297233,
050    ,0.04370365893861697,0.06419630674565147,0.041909351029228686,0.04518446978920028,0.11550286424219826,0.11464764746569203,0.06442855916670422,
051    ,0.02723492978501028,0.027322145234145664,0.027189158659815346,0.027118990647072065,0.02719659217963541,0.019489607856939387,0.027089760985639005,
052    ,0.02511993538538518,0.0250726100926917,0.02519339506489992,0.02506673440370298,0.024404050216173343,0.020260981669694283,0.025078770848546806,
053    ,0.026353824791170256,0.026349153305107557,0.026301355906496248,0.03080611196319472,0.026414860972558643,0.02433553380446958,0.026400100237095096,
054    ,0.010939354101329294,0.0,0.0,0.0,0.0,0.22385620663345115,0.0,
055    ,0.0,0.0,0.0,0.0,0.0,0.0,0.0,
056    ,0.025491913908426613,0.025592661824608245,0.02542962001735313,0.0256420834917012,0.025581584444295407,0.0202027091900216,0.025637484999656266,
057    ,0.0,0.0,0.0,0.0,0.0,0.0,0.0,
058    ,0.03409863604460099,0.0341249502175374,0.03419701420961471,0.03175047256280646,0.03420788220117143,0.03424818549099959,0.03623882557650127,
060    ,0.043164137960728134,0.04046186326966922,0.03280288801729311,0.04910873933820118,0.05912772123812223,0.0476468569168491,0.04020427125892959,
061    ,0.029216827655001592,0.02941118904014815,0.029594417706525405,0.02930172615009007,0.027177220614191373,0.029270315793637914,0.02368323781022501,
062    ,0.0,0.0,0.0,0.0,0.0,0.0,0.0,
063    ,0.027868994895610073,0.02776331642642772,0.027928637251012196,0.027807807120923216,0.027907275317351363,0.027854372648820975,0.021674671245357765,
064    ,0.042763180326791876,0.047148372437219754,0.08539700093957316,0.036400871734783236,0.03582713197896171,0.04410814303482625,0.043179407899600605,
065    ,0.02422491442349605,0.02422271201263919,0.02421100240402617,0.024270378941272996,0.02426963753967528,0.024212123971821122,0.017412346579161988,
066    ,0.0,0.0,0.0,0.0,0.0,0.0,0.0,
067    ,0.0,0.0,0.0,0.0,0.0,0.0,0.0,
068    ,0.030315669436199264,0.030220583803275334,0.02997140240235309,0.03528354007046886,0.030200958394636355,0.032823000522068956,0.03333009390565134,
100    ,0.4245686752393333,0.6999212972749602,0.8159820878746517,0.8145595133794641,0.765026947213747,0.6388045812832613,0.6504688964849376,
101    ,0.0,0.0,0.0,0.0,0.0,0.0,0.0,
102    ,0.0016938833181491288,0.0,0.004002681050288883,0.007386206604969298,0.00133601007309284,0.02623545380092539,0.003273798224032479,
103    ,0.0056239967014261195,0.0,0.0,0.009294864156377381,0.0009187485779175938,0.003923737658635193,0.004260557244161869,
104    ,0.05800738280497012,0.05920960517734496,0.05773764040987206,0.056281724385814746,0.04239147475480721,0.04358282193450937,0.058774385031491135,
105    ,0.018821565958685345,0.030102830450626627,0.005986056673172636,0.021614824582923634,0.0011330095947614418,0.03821020590207399,0.018358931934073338,
106    ,0.0,0.0,0.0,0.012184487040784142,0.0013958069144267837,0.0,0.0,
107    ,0.10883702697303388,0.07233215193507712,0.034014797545899575,0.0187900698009432,0.006545722248967368,0.16242717002385768,0.006071500460864597,
108    ,0.03166015248303611,0.03648518440966198,0.013391120966439149,0.043226097345939386,0.014229678196040678,0.02523129553534889,0.011986206409612664,
110    ,0.07720747261580481,0.08056175933818582,0.04674595445406905,0.036376131215064174,0.08008104485777177,0.05136306595789396,0.07211134864733455,
111    ,0.0,0.0,0.0,0.0,0.0,0.0,0.0,
112    ,0.0,0.002443904989355902,0.022508056901262705,0.0,0.016634364600530208,0.0,0.0,
113    ,0.0,0.0025074100094299298,0.0,0.0,0.0,0.0006203771327085347,0.012217481599388577,
114    ,0.07185493198977497,0.038456093145467676,0.04746305668865655,0.031145251040490228,0.02837153167593445,0.03516871502819873,0.05484868988111994,
115    ,0.0,0.023817119637097456,0.004793256589669068,0.0,0.0,0.023380648027211185,0.0002933732824577077,
116    ,0.0,0.0,0.0,0.0,0.0,0.0,0.0,
117    ,0.0,0.0,0.0,0.0,0.0,0.0,0.0,
118    ,0.015847627657970327,0.03580693104117379,0.019842215598735002,0.023436882586013497,0.011611166363156806,0.015436772163292197,0.03453465081963942,
120    ,0.07523156948120281,0.0,0.0,0.0,0.0,0.0,0.0,
121    ,0.028680677456451566,0.04050075082434084,0.03803369016336059,0.009872247436072326,0.01773252946809592,0.01365183844939923,0.025272417710430137,
122    ,0.0,0.0,0.0,0.0,0.0,0.0,0.0,
123    ,0.002104770311302254,0.011694883794416572,0.0153162353292761,0.014054085722160874,0.021966537584817765,0.03303876884416893,0.011074816810169738,
124    ,0.04566402216388295,0.045536751288449105,0.040111077218099214,0.04357073805551589,0.03448256897253718,0.036577337477019835,0.04583388489250949,
125    ,0.03180981376908044,0.025984114190102766,0.02840634713835791,0.03186285475301676,0.031999294899210697,0.03194860622296687,0.03194158556059533,
126    ,0.004246516879197204,0.005808367562065589,0.03375057681415999,0.012094844982599239,0.017646974916539687,0.020758166718065928,0.013528648099956662,
127    ,0.16851816971595626,0.01964520711656457,0.11758576792224282,0.09479809632313166,0.03281172757458086,0.01579675696380967,0.11656889520014443,
128    ,0.0351480274615996,0.03499890381029875,0.03531811719261323,0.03838901235018202,0.03428293524746442,0.03441953272840962,0.033461866802558735,
130    ,0.02502689175597432,0.0,0.03250325309851028,0.03901916115631269,0.0,0.03078816215209871,0.001404838687554507,
131    ,0.0,0.0032805267081878467,0.0012288535042727412,0.03140963927304986,0.021995412187507852,0.004750898661721415,0.006190036654038531,
132    ,0.038456040189008604,0.0,0.0031557812729806744,0.0009533805936598078,0.00895824527227489,0.00101364420000772,0.0009820044290475291,
133    ,0.0,0.0,0.0,0.0,0.0,0.0,0.0,
134    ,0.0,0.0,0.0,0.0,0.018945068537113495,0.04192737278485517,0.0,
135    ,0.03313717040818755,0.0038128139120183974,0.0,0.005915003513363629,0.008325361708321698,0.007896643181502497,0.027952171401382155,
136    ,0.0,0.0,0.03758695025918643,0.004381149499157615,0.004673265160593427,0.03795507997676015,0.02276943664920421,
137    ,0.06219229281713729,0.014173710907266891,0.012756257213536053,0.0011087870701899953,0.0029066326778727876,0.005457252748181948,0.00438663505843352,
138    ,0.0,0.0,0.0,0.0,0.0,0.0,0.0,
140    ,0.020838193984238515,0.045680189040197446,0.05170188618805047,0.05274629282669302,0.1278518265504273,0.05179728377382546,0.027203796260941302,
141    ,0.019085889517744106,0.03912008850308997,0.03901724416382353,0.0227857379586418,0.03817982811258957,0.009845772906280338,0.014676796038529462,
142    ,0.0025846221768574683,0.004417197243224681,0.0,0.0010898478740210033,0.012979468846450121,0.0,0.006057214183856527,
143    ,0.0,0.0,0.0,0.0,0.0,0.0,0.0,
144    ,0.0,0.0,0.0,0.0,0.0,0.0,0.0,
145    ,0.009037481990982725,0.008400973846962636,0.0374276160198548,0.011238085465560424,0.03731170326698388,0.031131928082545418,0.022572828852812303,
146    ,0.0,0.005352434998277715,0.0009809037220759246,0.027004998907328322,0.009732426311131847,0.006636261439719505,0.0,
147    ,0.0,0.0,0.0,0.0,0.0,0.0,0.0,
148    ,0.016872478063803986,0.006573373882167404,0.024899554213134143,0.04110752897468261,0.03258483610115744,0.023514679096843,0.028993150509881528,
150    ,0.05746831486427189,0.059701528202343986,0.04411434919767745,0.03729489306505674,0.0666222447419779,0.10005394021669539,0.059888212519630515,
151    ,0.009281506039063248,0.030428008526435187,0.02726505256957177,0.011849653804863683,0.0422528111359109,0.017164207181821014,0.02217095889221928,
152    ,0.0021513726550427643,0.00093689766543112,0.001713489739833081,0.030630979967664028,0.016362264371988032,0.000912700912469875,0.003632316542577914,
153    ,0.0,0.019474060680283654,0.0007201126626850275,0.0047082305085196004,0.0021020960993334437,0.0,0.0011181732138432594,
154    ,0.0,0.0,0.0,0.0,0.0,0.0,0.0,
155    ,0.0,0.0,0.0,0.0,0.0,0.0,0.0,
156    ,0.0016112234123810704,0.001421914574519696,0.0,0.0,0.0,0.019623821473561825,0.002662912588018947,
157    ,0.0,0.0,0.0,0.0,0.0,0.0,0.0,
158    ,0.04083866560623716,0.03244458028142327,0.036369028572227284,0.03889640461789479,0.03666314719719669,0.04044566354685222,0.03909290659860762,
160    ,0.045718991959391476,0.03885160188854152,0.03921390449944399,0.0464695854586593,0.04664770426577143,0.04636746854514606,0.07567518746920433,
161    ,0.025264695840413742,0.040061193525241186,0.009702083422215041,0.004446243771669519,0.013488747983060332,0.020139619834530543,0.036193577947997546,
162    ,0.0,0.0,0.0,0.0,0.0,0.0,0.0,
163    ,0.015062807371665002,0.007099566834609862,0.03286349394025656,0.018656144197250948,0.023203572637566807,0.014749793616874207,0.03286561772079381,
164    ,0.039868275323767646,0.04457783781437759,0.040555205417083434,0.040483562592418476,0.03899064365350478,0.04050336392506057,0.039022558358709394,
165    ,0.02134820399896142,0.019041972534850907,0.023644956294806313,0.020834352651962273,0.03751472763388031,0.03851844278193205,0.03670663870323589,
166    ,0.0,0.0,0.0,0.0,0.0,0.0,0.0,
167    ,0.0,0.0,0.0,0.0,0.0,0.0,0.0,
168    ,0.03378852863889378,0.03703566595152054,0.0370476901951174,0.037232991708264135,0.03656284587362027,0.03725404328347232,0.03633278860781647,
200    ,1.3639563699331954,0.0,0.8828794607711439,0.8272478746133884,0.0,0.47547552816145505,0.5177394706199054,
201    ,0.0,0.0,0.0,0.0,0.0,0.0,0.0,
202    ,0.0005644804524735516,0.0,0.0,0.0,0.0,0.0,0.0,
203    ,0.0,0.0,0.0,0.0,0.0,0.0,0.0,
204    ,0.0889476850886089,0.04945179839232394,0.0639950431559705,0.0642284853957746,0.04995788107603099,0.050595223108224015,0.06239257905712629,
205    ,0.0028280228971924552,0.0,0.0,0.0,0.0,0.0,0.0,
206    ,0.0,0.0,0.0,0.0,0.0,0.0,0.0,
207    ,0.14777244058109684,0.004036112087781979,0.0010826423181577779,0.008900197249834414,0.00245350590363051,0.0,0.010777255629279552,
208    ,0.012960002230155702,0.0,0.0,0.0,0.0,0.0,0.0,
210    ,0.1102173805091356,0.11136412377556257,0.0036255370081988672,0.0006490792210533169,0.042284442492071354,0.10965363192465967,0.018831799230197385,
211    ,0.0,0.0,0.0,0.0,0.0,0.0,0.0,
212    ,0.0,0.0,0.0,0.0,0.0,0.0,0.0,
213    ,0.0,0.0007443705151388546,0.0,0.0,0.0,0.0,0.0,
214    ,0.0,0.020102944453464947,0.00746489203773577,0.0,0.025119822563053083,0.0,0.0,
215    ,0.0,0.0005478440673445475,0.0,0.003475906933791374,0.0,0.0,0.0,
216    ,0.0,0.0,0.0,0.0,0.0,0.0,0.0,
217    ,0.0,0.0,0.0,0.0,0.0,0.0,0.0,
218    ,0.002206184324652116,0.013435143848627514,0.001163104521728804,0.0011366186517331686,0.0,0.001365321287859099,0.04432192572257794,
220    ,0.0,0.0,0.0,0.0,0.0,0.0,0.0,
221    ,0.039799302340024406,0.0,0.0,0.0009903692105812782,0.0,0.003288334578742489,0.0,
222    ,0.0,0.0,0.0,0.0,0.0,0.0,0.0,
223    ,0.0,0.0,0.07029415960538882,0.0,0.0,0.0,0.0,
224    ,0.047342827875949144,0.04827263065055725,0.046778621363020044,0.04754343897658584,0.04460256527922647,0.046679350072070656,0.038436713015890224,
225    ,0.019381714098206576,0.016563500916234288,0.0295168186131038,0.00908202928136402,0.01129204728047355,0.016670635395725726,0.01455478070569305,
226    ,0.007637087411790998,0.0,0.03030473332664739,0.0009556261199872451,0.0,0.0,0.0016838661740365935,
227    ,0.004372090378746016,0.026384766892549046,0.07809944404587278,0.0,0.1053800157682404,0.008185931965730257,0.05344497196394135,
228    ,0.018412373482535965,0.0412555798265284,0.040290525026596406,0.00258214601032768,0.0047890410429657,0.007633251561596515,0.017776289061090494,
230    ,0.0006462758336152721,0.0,0.0,0.03115535239019362,0.0,0.0,0.0,
231    ,0.0286941960113109,0.0,0.0,0.0,0.0,0.0,0.0,
232    ,0.0,0.0,0.0,0.0,0.0,0.0,0.0,
233    ,0.0,0.0,0.0,0.0,0.0,0.0,0.0,
234    ,0.0,0.0,0.0,0.0,0.0,0.0,0.0,
235    ,0.0012522575670958671,0.0,0.0,0.00011150442477876107,0.0,0.0,0.0,
236    ,0.0,0.0,0.0,0.0,0.0,0.0,0.0,
237    ,0.003005316325223187,0.0,0.0,0.0,0.0,0.0,0.0,
238    ,0.0,0.0,0.0,0.0,0.0,0.0,0.0,
240    ,0.01606663018376203,0.15031888162487303,0.08049951667699454,0.08009247129501174,0.0912387234337686,0.042774219940108126,0.0025248484836638985,
241    ,0.0011851950858152523,0.0,0.0,0.010473888599277814,0.012236332942468196,0.009434956653413418,0.04398834320510441,
242    ,0.004723960403194346,0.0006648401985478628,0.0,0.0,0.0020867718329503617,0.0,0.0,
243    ,0.0,0.0,0.0,0.0,0.0,0.0,0.0,
244    ,0.0,0.0,0.0,0.0,0.0,0.0,0.0,
245    ,0.007850140830386269,0.0,0.0,0.0,0.0024,0.0,0.0,
246    ,0.0,0.0,0.0,0.00156790828484616,0.00027841988943868705,0.0,0.0,
247    ,0.0,0.0,0.0,0.0,0.0,0.0,0.0,
248    ,0.0,0.0026791626710538493,0.0,0.0016404186700066784,0.006743634231967028,0.0,0.0,
250    ,0.020805680738287948,0.05423598781061785,0.0451739781163721,0.06888858841023478,0.10076316694551041,0.0837242664777307,0.059705822168616536,
251    ,0.0,0.0,0.0,0.0,0.0,0.029894731469071484,0.0,
252    ,0.0,0.0,0.0,0.0,0.0,0.0,0.0,
253    ,0.0,0.0,0.0,0.0,0.0,0.0,0.0,
254    ,0.0,0.0,0.0,0.0,0.0,0.0,0.0,
255    ,0.0,0.0,0.0,0.0,0.0,0.0,0.0,
256    ,0.0,0.0,0.0029387678057056295,0.0,0.0,0.0,0.0,
257    ,0.0,0.0,0.0,0.0,0.0,0.0,0.0,
258    ,0.0,0.0,0.004110015770459595,0.0018633079116442744,0.0003532189735905186,0.02732737295743018,0.0,
260    ,0.0367914786456967,0.03789310252457033,0.032120007430413954,0.04557074050722501,0.06107358448497775,0.04223978422771617,0.03714802811782876,
261    ,0.0017235679709474052,0.0,0.0015862488313555787,0.0012943976647511175,0.02638793722536002,0.00978137196623573,0.01897123252858435,
262    ,0.0,0.0,0.0,0.0,0.0,0.0,0.0,
263    ,0.0,0.007088479747690587,0.0013043441627668744,0.0014032201822660687,0.003252484765218667,0.002537958804293228,0.030788054203613142,
264    ,0.04216234751116351,0.0202000796145293,0.03854955140641639,0.01504129389465638,0.016284739040864485,0.038404211351923956,0.038482941520058773,
265    ,0.003916098191585274,0.004021434602302527,0.010234167053257545,0.022199722841268442,0.0,0.007797593137089059,0.05263112924608213,
266    ,0.0,0.0,0.0,0.0,0.0,0.0,0.0,
267    ,0.0,0.0,0.0,0.0,0.0,0.0,0.0,
268    ,0.027240934746968315,0.02601405810223184,0.0281973228171123,0.027950549777347077,0.031816523673359444,0.022586654482135673,0.03191093682425356,
300    ,0.7000085839426246,0.0,0.0,0.0,0.0,0.0,0.0,
301    ,0.0,0.0,0.0,0.0,0.0,0.0,0.0,
302    ,0.0005850417763487196,0.0,0.0,0.0,0.0,0.0,0.0,
303    ,0.0,0.0,0.0,0.0,0.0,0.0,0.0,
304    ,0.10877756471145175,0.026331392374050026,0.07484599345939212,0.0748596332734662,0.07299672829213982,0.07480623988949561,0.07502327716138495,
305    ,0.000699149476175008,0.0,0.0,0.0,0.0,0.0,0.0,
306    ,0.0,0.0,0.0,0.0,0.0,0.0,0.0,
307    ,0.14094168887514433,0.04469504534117383,0.016531543017833543,0.0058804409917883275,0.004616492317309758,0.0024559817356449454,0.0007179136712342718,
308    ,0.01107288291108496,0.0,0.0,0.0,0.0,0.0,0.0,
310    ,0.0,0.11157820946450416,0.040426681507664895,0.012335891775189796,0.028558188747234047,0.0,0.01151853749964489,
311    ,0.0,0.0,0.0,0.0,0.0,0.0,0.0,
312    ,0.0,0.0,0.0,0.0,0.0,0.0,0.0,
313    ,0.0,0.00047490774907749074,0.0008939071066096211,0.0,0.0,0.0007790147109906199,0.0,
314    ,0.0016651721192529978,0.03038941719754602,0.0,0.0,0.0,0.0,0.0,
315    ,0.0008549643457410145,0.0002486772486772487,0.0,0.0,0.0,0.0042822835710203035,0.0,
316    ,0.0,0.0,0.0,0.0,0.0,0.0,0.0,
317    ,0.0,0.0,0.0,0.0,0.0,0.0,0.0,
318    ,0.0,0.005856330790587304,0.0,0.003373912588232853,0.0,0.0,0.0,
320    ,0.0,0.0,0.0,0.0,0.0,0.0,0.0,
321    ,0.0,0.0,0.0,0.0,0.0,0.0,0.0,
322    ,0.0,0.0,0.0,0.0,0.0,0.0,0.0,
323    ,0.0,0.0,0.04831968116890212,0.06757242953642645,0.0031309883358606517,0.0,0.0,
324    ,0.048002529738150355,0.053464117628819516,0.04636745574630747,0.05348737258150855,0.05122057195884486,0.05311451377951556,0.05298793293860293,
325    ,0.010721119665988906,0.01233517949196294,0.029395070993140135,0.009441899468167828,0.009492528659883542,0.02304443105686892,0.016778094401212154,
326    ,0.028578771188778253,0.002554203195684987,0.00776645235724417,0.0,0.0020097353741796928,0.002324281562713807,0.0,
327    ,0.0,0.0023983655938874054,0.022524144115287716,0.0607776285544577,0.0,0.0055810976622634135,0.005656910940112848,
328    ,0.002666861930790666,0.0013649067673384603,0.035350815228039886,0.004721962090264042,0.006924224587538359,0.03867834783819237,0.016946301819884876,
330    ,0.015057983997065599,0.0,0.0,0.019417381000588978,0.0,0.0007508576472846699,0.0,
331    ,0.0,0.0,0.0,0.0,0.0,0.0,0.0,
332    ,0.0,0.0,0.0,0.0,0.0,0.0,0.0,
333    ,0.0,0.0,0.0,0.0,0.0,0.0,0.0,
334    ,0.0,0.0,0.0,0.0,0.0,0.0,0.0,
335    ,0.0002595909803775805,0.0,0.0,0.0,0.0,0.0,0.0,
336    ,0.0,0.0,0.0,0.0,0.0,0.0,0.0,
337    ,0.0,0.0,0.0,0.0,0.0,0.0,0.0,
338    ,0.0,0.0,0.0,0.0,0.0,0.0,0.0,
340    ,0.0062807735454399995,0.02486751789248537,0.012703651839851041,0.00446696051623403,0.10997815119208709,0.024010053195195384,0.007756125075400308,
341    ,0.0034868303379184257,0.0,0.0,0.0,0.0019343991617548004,0.0,0.0,
342    ,0.0,0.0,0.0,0.0,0.0,0.0,0.0,
343    ,0.0,0.0,0.0,0.0,0.0,0.0,0.0,
344    ,0.0,0.0,0.0,0.0,0.0,0.0,0.0,
345    ,0.002670914716982226,0.0,0.0,0.0,0.0,0.0,0.0,
346    ,0.0,0.0,0.0,0.0,0.0,0.0,0.0,
347    ,0.0,0.0,0.0,0.0,0.0,0.0,0.0,
348    ,0.0,0.0,0.0029589855254413223,0.0,0.009161660840691985,0.0,0.0008382845895129202,
350    ,0.06256124492562959,0.01426125041512018,0.034537732203062,0.03162752739424523,0.02064395188420672,0.10169032976622583,0.01878082496800631,
351    ,0.0,0.0,0.0,0.0,0.0,0.017677161206728173,0.0,
352    ,0.0,0.0,0.0,0.0,0.0,0.0,0.0,
353    ,0.0,0.0,0.0,0.0,0.0,0.0,0.0,
354    ,0.0,0.0,0.0,0.0,0.0,0.0,0.0,
355    ,0.0,0.0,0.0,0.0,0.0,0.0,0.0,
356    ,0.0,0.0,0.0,0.0,0.0,0.0,0.0,
357    ,0.0,0.0,0.0,0.0,0.0,0.0,0.0,
358    ,0.0008881723502680681,0.0,0.0,0.0027022299336728144,0.0026157815705107326,0.034621102100892934,0.0066806156343804475,
360    ,0.03508902872531668,0.03598718222828537,0.032328573441047864,0.03637240640065725,0.05592448329136349,0.041188853975051065,0.036950773956369226,
361    ,0.0,0.0025454536083689334,0.0,0.0008496875813499609,0.0025747151251508255,0.0,0.014565249523399944,
362    ,0.0,0.0,0.0,0.0,0.0,0.0,0.0,
363    ,0.0019601015945642456,0.0023732212006235195,0.005258422371161191,0.010504452066587837,0.028387243663024385,0.0,0.017869469075409296,
364    ,0.013875107162828488,0.010116257353873996,0.015771392777152705,0.008733061982659043,0.012478381370802462,0.006226385733850675,0.04083976169330271,
365    ,0.014996401259974868,0.001738409438497237,0.01694614258839594,0.04070245290712711,0.01585054412393918,0.04463737938491884,0.044988332275961246,
366    ,0.0,0.0,0.0,0.0,0.0,0.0,0.0,
367    ,0.0,0.0,0.0,0.0,0.0,0.0,0.0,
368    ,0.03258714512313191,0.02438836973000348,0.022301555670533275,0.032335130933471116,0.03227782982149188,0.0313451131372827,0.032667009668213474,
400    ,0.0221666666667,0.0,0.6827781648526374,0.0,0.0,0.0,0.40660841981449813,
401    ,0.0,0.0,0.0,0.0,0.0,0.0,0.0,
402    ,0.0006345789035708141,0.0,0.0,0.0,0.0,0.0,0.0,
403    ,0.0,0.0,0.0,0.0,0.0,0.0,0.0,
404    ,0.07696133076992462,0.015676106404709754,0.05076109302684339,0.10365879496737856,0.02126624541130794,0.07603152467273837,0.036648243097466886,
405    ,0.0013761315342308818,0.0,0.0,0.0,0.0,0.0,0.0,
406    ,0.0,0.0,0.0,0.0,0.0,0.0,0.0,
407    ,0.12308363296285549,0.06905477248870155,0.0012235927239838851,0.0006880522806381767,0.008713068699803402,0.027699513192373584,0.03524573853344123,
408    ,0.0,0.0,0.0,0.0,0.0,0.0,0.0,
410    ,0.0,0.12007185531642012,0.025366354674213127,0.0014504661876668416,0.0012727613288602147,0.0,0.011686524894805395,
411    ,0.0,0.0,0.0,0.0,0.0,0.0,0.0,
412    ,0.0,0.0,0.0,0.0,0.0,0.0,0.0,
413    ,0.0006910980775865766,0.0,0.0,0.0,0.0,0.0,0.0,
414    ,0.04252415757588403,0.023327966304987655,0.0020168349228326704,0.0006866676651041799,0.0,0.0005302451663709544,0.0,
415    ,0.00021224696500532709,6.253042608675145e-05,0.0,0.0,0.0,0.0,0.0,
416    ,0.0,0.0,0.0,0.0,0.0,0.0,0.0,
417    ,0.0,0.0,0.0,0.0,0.0,0.0,0.0,
418    ,0.0,0.0,0.0,0.005766652326721931,0.0,0.0,0.0,
420    ,0.0,0.0,0.0,0.0,0.0,0.0,0.0,
421    ,0.0,0.0,0.0,0.0,0.0,0.0,0.0,
422    ,0.0,0.0,0.0,0.0,0.0,0.0,0.0,
423    ,0.0,0.0,0.0,0.0,0.0,0.04816351426523894,0.0,
424    ,0.05444725143659661,0.053162749337613203,0.25459326017816336,0.04026455786652249,0.04280438535862783,0.04548643867718014,0.0548143889512662,
425    ,0.017964180854725023,0.0070558559120252684,0.030007245148445053,0.014265034101904807,0.005084248287756442,0.012096145630347962,0.0058808090920641105,
426    ,0.007952214546984008,0.0,0.004621470980544105,0.0,0.0,0.0,0.0,
427    ,0.0,0.0,0.08708501681709083,0.0,0.000481907190119905,0.0,0.0,
428    ,0.011440942375351409,0.0,0.020718997573009414,0.02469588935468287,0.0032279672809766157,0.0031422177911829387,0.006845069371444802,
430    ,0.0,0.0,0.0,0.02020563246672038,0.0007858712025934581,0.0,0.0,
431    ,0.0,0.0,0.0,0.0,0.0,0.0,0.0,
432    ,0.0,0.0,0.0,0.0,0.0,0.0,0.0,
433    ,0.0,0.0,0.0,0.0,0.0,0.0,0.0,
434    ,0.0,0.0,0.0,0.0,0.0,0.0,0.0,
435    ,0.0,0.0,0.0,0.0,0.0,0.0,0.0,
436    ,0.0,0.0,0.0,0.0,0.0,0.0,0.0,
437    ,0.0,0.0,0.0,0.0,0.0,0.0,0.0,
438    ,0.0,0.0,0.0,0.0,0.0,0.0,0.0,
440    ,0.031809556058358064,0.01719860798863874,0.06765551218936137,0.013632702393427763,0.13927373701328816,0.01877100042499495,0.06767643217153613,
441    ,0.0004843839243232948,0.0,0.0,0.0,0.0057961083687701745,0.0,0.0,
442    ,0.0,0.0,0.0,0.0,0.0,0.0,0.0,
443    ,0.0,0.0,0.0,0.0,0.0,0.0,0.0,
444    ,0.0,0.0,0.0,0.0,0.0,0.0,0.0,
445    ,0.0,0.0,0.0,0.0,0.0,0.0,0.0,
446    ,0.0,0.0,0.0,0.0,0.0,0.0,0.0,
447    ,0.0,0.0,0.0,0.0,0.0,0.0,0.0,
448    ,0.0,0.0,0.0,0.008019221458962805,0.0008101885314218653,0.0,0.0,
450    ,0.009947611983841408,0.024702661135661042,0.08589842127575376,0.01697277605152139,0.005888510861862056,0.10225709329248943,0.031072720590576197,
451    ,0.01479243782873505,0.0,0.0,0.0,0.0,0.0070938133448601864,0.0,
452    ,0.0,0.0,0.0,0.0,0.0,0.0,0.0,
453    ,0.0,0.0,0.0,0.0,0.0,0.0,0.0,
454    ,0.0,0.0,0.0,0.0,0.0,0.0,0.0,
455    ,0.0,0.0,0.0,0.0,0.0,0.0,0.0,
456    ,0.0,0.0,0.0,0.0,0.0,0.0,0.0,
457    ,0.0,0.0,0.0,0.0,0.0,0.0,0.0,
458    ,0.004623668655637259,0.0,0.002237632652064012,0.003564798208384655,0.0,0.060954524652156866,0.001417310845931439,
460    ,0.018338294332174834,0.044611872970927086,0.03968484727454647,0.030401692314796017,0.04041800903508006,0.03219018585050091,0.04439795501821147,
461    ,0.0014522933325049464,0.002132465231936861,0.0016248617109553554,0.0,0.00518464225338377,0.0015242579743303037,0.024902566276691695,
462    ,0.0,0.0,0.0,0.0,0.0,0.0,0.0,
463    ,0.00115582507671823,0.0034782482595008867,0.0036023968638048695,0.024068281208202105,0.002710107288943898,0.002724706886912998,0.003150021653134977,
464    ,0.012222906122562627,0.010534691174703518,0.01389122547418754,0.00628708073098992,0.010552417524686277,0.016590034175034057,0.0418452431114155,
465    ,0.0518252098896876,0.0030816461103226568,0.013012215216468576,0.0009639009021133141,0.003724056868331574,0.05187558386172782,0.01321056165686435,
466    ,0.0,0.0,0.0,0.0,0.0,0.0,0.0,
467    ,0.0,0.0,0.0,0.0,0.0,0.0,0.0,
468    ,0.017006069999130312,0.028158492827936508,0.01213305326058992,0.01448370606070679,0.0315709891961813,0.025214459050177423,0.03446237360019835,
500    ,0.0293571428571,0.0,0.0,0.0,0.0,0.0,0.0,
501    ,0.0,0.0,0.0,0.0,0.0,0.0,0.0,
502    ,0.0004825396272407142,0.0,0.0,0.0,0.0,0.0,0.0,
503    ,0.0,0.0,0.0,0.0,0.0,0.0,0.0,
504    ,0.08367475408335989,0.005847417375874427,0.001151411115789819,0.003351265682866432,0.016426894191695206,0.0,0.004556322105913898,
505    ,0.002145610345752439,0.0,0.0,0.0,0.0,0.0,0.0,
506    ,0.0,0.0,0.0,0.0,0.0,0.0,0.0,
507    ,0.06702720202216192,0.002310130514080077,0.0,0.0,0.0003009685599568886,0.0050755934926403744,0.0,
508    ,0.0,0.0,0.0,0.0,0.0,0.0,0.0,
510    ,0.13980191021289615,0.13995092361029862,0.0,0.013231688482090961,0.0013117241814580363,0.01510141092929191,0.1382276694276799,
511    ,0.0,0.0,0.0,0.0,0.0,0.0,0.0,
512    ,0.0,0.0,0.0,0.0,0.0,0.0,0.0,
513    ,0.0,0.0,0.0,0.0,0.0,0.0,0.0,
514    ,0.0,0.03844609152098406,0.0039858774429267566,0.0,0.0011722054845047728,0.00713523956163443,0.0,
515    ,0.0,0.0,0.0,0.0,0.0,0.0011241340167663784,0.0,
516    ,0.0,0.0,0.0,0.0,0.0,0.0,0.0,
517    ,0.0,0.0,0.0,0.0,0.0,0.0,0.0,
518    ,0.0,0.0022640778356509943,0.0,0.0,0.0,0.0,0.0,
520    ,0.0,0.0,0.0,0.0,0.0,0.0,0.0,
521    ,0.0,0.0,0.0,0.0,0.0,0.0,0.0,
522    ,0.0,0.0,0.0,0.0,0.0,0.0,0.0,
523    ,0.0,0.0,0.0,0.0,0.0,0.0,0.0,
524    ,0.04036717617878893,0.031506190878271216,0.22874771732101276,0.056748802617236374,0.027024075707400144,0.06721533840945967,0.048234204498552355,
525    ,0.03270935522000344,0.009851330859222941,0.03287073466209422,0.013276767850695127,0.010884755884579059,0.012326719577659701,0.008338483732405142,
526    ,0.0,0.0,0.009046491617031218,0.0,0.0,0.0,0.0,
527    ,0.03229034682905775,0.0,0.020042802625517747,0.0,0.0,0.0,0.0,
528    ,0.0026352380029921064,0.0,0.03324559830328333,0.0029644476691654564,0.005874662251767415,0.0031972778550776347,0.0,
530    ,0.0,0.0005569865536393719,0.0,0.022880389755026084,0.0,0.0,0.0,
531    ,0.0,0.0,0.0,0.0,0.0,0.0,0.0,
532    ,0.0,0.0,0.0,0.0004771699827375046,0.0,0.0,0.0,
533    ,0.0,0.0,0.0,0.0,0.0,0.0,0.0,
534    ,0.0,0.0,0.0,0.0,0.0,0.0,0.0,
535    ,0.0,0.0,0.0,0.0,0.0,0.0,0.0,
536    ,0.0,0.0,0.0,0.0,0.0,0.0,0.0,
537    ,0.0,0.0,0.0,0.0,0.0,0.0,0.0,
538    ,0.0,0.0,0.0,0.0,0.0,0.0,0.0,
540    ,0.007447214696740552,0.0,0.0009298999256802198,0.015513878259138945,0.12285516442632337,0.0013243508652080811,0.005493309813957394,
541    ,0.0,0.0,0.0,0.0,0.032859331894199005,0.0,0.0,
542    ,0.0,0.0,0.0,0.0,0.0,0.0,0.0,
543    ,0.0,0.0,0.0,0.0,0.0,0.0,0.0,
544    ,0.0,0.0,0.0,0.0,0.0,0.0,0.0,
545    ,0.0,0.0,0.0,0.0,0.0,0.0,0.0,
546    ,0.0,0.0,0.0,0.0,0.0,0.0,0.0,
547    ,0.0,0.0,0.0,0.0,0.0,0.0,0.0,
548    ,0.0,0.0,0.0,0.0,0.004941078854871336,0.0,0.0,
550    ,0.019441418024226546,0.007799737752449747,0.017896638917520455,0.024653968914848636,0.032127954227194826,0.08911584827119093,0.026664206728307355,
551    ,0.0,0.0,0.0,0.0,0.0,0.03759885129656859,0.0,
552    ,0.0,0.0,0.0,0.0,0.0,0.0,0.0,
553    ,0.0,0.0,0.0,0.0,0.0,0.0,0.0,
554    ,0.0,0.0,0.0,0.0,0.0,0.0,0.0,
555    ,0.0,0.0,0.0,0.0,0.0,0.0,0.0,
556    ,0.0,0.0,0.0,0.0,0.0,0.0,0.0,
557    ,0.0,0.0,0.0,0.0,0.0,0.0,0.0,
558    ,0.0,0.0,0.0,0.0,0.0,0.06087559948036079,0.0,
560    ,0.02896280985970067,0.03759936684020068,0.03154525227985187,0.044478909768903785,0.04210312194398971,0.04164233415301411,0.04930299336124,
561    ,0.02525108390731261,0.005423552404039102,0.0015155986701998504,0.0,0.0010964797445720783,0.00166113724152106,0.02110567651787811,
562    ,0.0,0.0,0.0,0.0,0.0,0.0,0.0,
563    ,0.0,0.004895385452117981,0.0,0.0,0.0,0.0009094884016491775,0.011063266259884746,
564    ,0.014841749114052019,0.015919740850629624,0.01727025478222582,0.010056754996306008,0.007324677232342757,0.017611837428414514,0.04393321060878903,
565    ,0.0,0.003377735276670475,0.022606285353326296,0.0,0.001484178381261071,0.0,0.019877748783041726,
566    ,0.0,0.0,0.0,0.0,0.0,0.0,0.0,
567    ,0.0,0.0,0.0,0.0,0.0,0.0,0.0,
568    ,0.009377441195048089,0.01832858781089881,0.025162438937498022,0.011995693408297328,0.03527658905865652,0.013653691080813173,0.0361941035840554,
600    ,0.0323125,0.0,0.0,0.0,0.0,0.0,0.0,
601    ,0.0,0.0,0.0,0.0,0.0,0.0,0.0,
602    ,0.0005490747929606625,0.0,0.0,0.0,0.0,0.0,0.0,
603    ,0.0,0.0,0.0,0.0,0.0,0.0,0.0,
604    ,0.05735227581087404,0.00979960593705912,0.010265153132099712,0.0038061407940441095,0.0,0.00378789942029545,0.002723007476383794,
605    ,0.0,0.0,0.0,0.0,0.0,0.0,0.0,
606    ,0.0,0.0,0.0,0.0,0.0,0.0,0.0,
607    ,0.06027026751249084,0.0,0.0,0.0009622044919576806,0.0006933370236135476,0.0,0.0,
608    ,0.0,0.0,0.0,0.0,0.0,0.0,0.0,
610    ,0.0003866433845294013,0.15486510254466732,0.0,0.0,0.012318691522845858,0.0,0.0,
611    ,0.0,0.0,0.0,0.0,0.0,0.0,0.0,
612    ,0.0,0.0,0.0,0.0,0.0,0.0,0.0,
613    ,0.0,0.0,0.0,0.0,0.0,0.0,0.0,
614    ,0.05177805737477824,0.0317591298329836,0.003226156687197327,0.0,0.0,0.012771696927574011,0.0008325875136969281,
615    ,0.0,0.000531942088074517,0.0,0.0,0.0,0.0,0.0,
616    ,0.0,0.0,0.0,0.0,0.0,0.0,0.0,
617    ,0.0,0.0,0.0,0.0,0.0,0.0,0.0,
618    ,0.0,0.0,0.0,0.0018997805992093978,0.0,0.0,0.0,
620    ,0.0,0.0,0.0,0.0,0.0,0.0,0.0,
621    ,0.0,0.0,0.0,0.0,0.0,0.0,0.0,
622    ,0.0,0.0,0.0,0.0,0.0,0.0,0.0,
623    ,0.0,0.0,0.0,0.0,0.0,0.0,0.0,
624    ,0.055296865953062636,0.05426124213833195,0.058046202978453976,0.021303906327885185,0.017829213089700688,0.010934900980014477,0.030936887902928374,
625    ,0.003933065882843946,0.002436923449701454,0.03229716496715881,0.0022990500269623082,0.0011640621624757518,0.0025153264554950306,0.001201748561738765,
626    ,0.005516231670077325,0.0,0.004124690971189226,0.0,0.0,0.0,0.0,
627    ,0.0,0.02146884502328778,0.015781484555762667,0.0,0.0,0.0,0.0,
628    ,0.0,0.0,0.020411451668839904,0.0335392463560384,0.004766557107046684,0.0060596739490877535,0.003134127038865341,
630    ,0.0039749341343618405,0.0005267470746894693,0.0,0.029661328645314285,0.0,0.0,0.0,
631    ,0.0,0.0,0.0,0.0,0.0,0.0,0.0,
632    ,0.00026553512239709974,0.0,0.0,0.0,0.0,0.0,0.0,
633    ,0.0,0.0,0.0,0.0,0.0,0.0,0.0,
634    ,0.0,0.0,0.0,0.0,0.0,0.0,0.0,
635    ,0.0,0.0,0.0,0.00015878661087866106,0.0,0.0,0.0,
636    ,0.0,0.0,0.0,0.0,0.0,0.0,0.0,
637    ,0.0,0.0,0.0,0.0,0.0,0.0,0.0,
638    ,0.0,0.0,0.0,0.0,0.0,0.0,0.0,
640    ,0.016884946280601464,0.01384666077641193,0.008710367235358446,0.005634128813642216,0.19591560667762706,0.005668599322544987,0.005077263115087319,
641    ,0.017276922617384883,0.008207493396141555,0.0,0.0,0.0,0.0,0.0,
642    ,0.0,0.0,0.0,0.0,0.0,0.0,0.0,
643    ,0.0,0.0,0.0,0.0,0.0,0.0,0.0,
644    ,0.0,0.0,0.0,0.0,0.0,0.0,0.0,
645    ,0.0,0.0,0.0,0.0,0.0,0.0,0.0,
646    ,0.0,0.0,0.0,0.0,0.0,0.0,0.0,
647    ,0.0,0.0,0.0,0.0,0.0,0.0,0.0,
648    ,0.0,0.0,0.0,0.0,0.0007568797319610611,0.0,0.0,
650    ,0.016474141185151156,0.07918909408941421,0.0226452328383972,0.10876684875790897,0.10901391512879796,0.11223984989999061,0.10202056339616132,
651    ,0.035783919576249275,0.0,0.0,0.0,0.0,0.0038304554625410753,0.0,
652    ,0.0,0.0,0.0,0.0,0.0,0.0,0.0,
653    ,0.0,0.0,0.0,0.0,0.0,0.0,0.0,
654    ,0.0,0.0,0.0,0.0,0.0,0.0,0.0,
655    ,0.0,0.0,0.0,0.0,0.0,0.0,0.0,
656    ,0.0,0.0,0.0,0.0,0.0,0.0,0.0,
657    ,0.0,0.0,0.0,0.0,0.0,0.0,0.0,
658    ,0.058436038342912715,0.0,0.0009877036810568103,0.001090690022190316,0.0,0.001704812834224599,0.0013448138664151172,
660    ,0.026466883801315396,0.044199435361245626,0.028492106427404917,0.04103331724087293,0.047355437828931826,0.04932891672940129,0.05845810613150696,
661    ,0.002733283331301775,0.0,0.0,0.02638399188869367,0.0032699415020418523,0.0009798812775983188,0.0027163080380907144,
662    ,0.0,0.0,0.0,0.0,0.0,0.0,0.0,
663    ,0.0043226784776153795,0.0016785640193846985,0.0021693859753006413,0.0046047264233143054,0.000928731056932591,0.0022645518106405964,0.021622795045230986,
664    ,0.04336074635447962,0.03953068152167113,0.01974327192378989,0.018443508308567877,0.028788132168079673,0.02047188928494803,0.036467232034454095,
665    ,0.0027755452658093705,0.0020662338496695285,0.001584929712402496,0.0015859596929709502,0.0,0.0020659426166373964,0.019016880235786675,
666    ,0.0,0.0,0.0,0.0,0.0,0.0,0.0,
667    ,0.0,0.0,0.0,0.0,0.0,0.0,0.0,
668    ,0.015573663415308149,0.026446700829858776,0.0322540743656241,0.02876319624934037,0.015925261219180767,0.022443778836720035,0.033940546687507206,
700    ,0.029,0.0,0.0,0.0,0.0,0.0,0.0,
701    ,0.0,0.0,0.0,0.0,0.0,0.0,0.0,
702    ,0.0009543879675149747,0.0,0.0,0.0,0.0,0.0,0.0,
703    ,0.0,0.0,0.0,0.0,0.0,0.0,0.0,
704    ,0.051999834032134096,0.0025465857404807857,0.0,0.0,0.0,0.0,0.002250163437854781,
705    ,0.0,0.0,0.0,0.0,0.0,0.0,0.0,
706    ,0.0,0.0,0.0,0.0,0.0,0.0,0.0,
707    ,0.0558717210930432,0.0016351777767551407,0.0,0.007100980362489144,0.0,0.0021902575703919504,0.0,
708    ,0.0,0.0,0.0,0.0,0.0,0.0,0.0,
710    ,0.1298960893942614,0.4664994740729068,0.07155345644267312,0.001255087887150982,0.001188592095111772,0.05496617611953661,0.06212193053789301,
711    ,0.0,0.0,0.0,0.0,0.0,0.0,0.0,
712    ,0.0,0.0,0.0,0.0,0.0,0.0,0.0,
713    ,0.0,0.0,0.0,0.0,0.0,0.0,0.0,
714    ,0.0,0.0349762851872295,0.0,0.0,0.0,0.0,0.0,
715    ,0.0,0.0003229615482048533,0.0,0.0,0.0,0.0,0.0,
716    ,0.0,0.0,0.0,0.0,0.0,0.0,0.0,
717    ,0.0,0.0,0.0,0.0,0.0,0.0,0.0,
718    ,0.0,0.0,0.0,0.0,0.0,0.0065081515863626765,0.0,
720    ,0.0,0.0,0.8181897217664347,0.0,0.0,0.0,0.0,
721    ,0.0,0.0,0.0,0.0,0.0,0.0,0.0,
722    ,0.0,0.0,0.0,0.0,0.0,0.0,0.0,
723    ,0.0,0.0,0.0,0.0,0.0,0.0,0.0,
724    ,0.0013666059283258378,0.0037278527746371893,0.05859833818920139,0.0,0.004968295214744826,0.03644203822470282,0.0017756565245375853,
725    ,0.001363033922015745,0.0036642112876676784,0.033070406105359634,0.003262080813567745,0.0,0.0016804256525822167,0.001256961753311274,
726    ,0.002679124574126516,0.0,0.0003824845998334409,0.0,0.0,0.0,0.0,
727    ,0.024032459065005486,0.0,0.007555207092312004,0.0,0.0,0.0,0.0,
728    ,0.0,0.0,0.019581705928045697,0.0,0.0,0.0,0.0,
730    ,0.0,0.0,0.00034613116917528935,0.04770064324463997,0.0,0.0008178842818340097,0.004551672952994844,
731    ,0.0,0.0,0.0,0.0,0.0,0.0,0.0,
732    ,0.0,0.0,0.0,0.0,0.0,0.0,0.0,
733    ,0.0,0.0,0.0,0.0,0.0,0.0,0.0,
734    ,0.0,0.0,0.0,0.0,0.0,0.0,0.0,
735    ,0.0004771367269850272,0.0,0.0,0.0,0.0,0.0,0.0,
736    ,0.0,0.0,0.0,0.0,0.0,0.0,0.0,
737    ,0.0,0.0,0.0,0.0,0.0,0.0,0.0,
738    ,0.0,0.0,0.0,0.0,0.0,0.0,0.0,
740    ,0.05521419521138253,0.029298198661901243,0.0012480802720587847,0.0,0.1877720735884928,0.002299138624022827,0.008020210545412609,
741    ,0.0,0.0,0.0,0.0,0.0016399059540829978,0.0,0.0,
742    ,0.0,0.0,0.0,0.0,0.0,0.0,0.0,
743    ,0.0,0.0,0.0,0.0,0.0,0.0,0.0,
744    ,0.0,0.0,0.0,0.0,0.0,0.0,0.0,
745    ,0.0,0.0,0.0,0.0,0.0,0.0,0.0,
746    ,0.0,0.0,0.0,0.0,0.0,0.0,0.0,
747    ,0.0,0.0,0.0,0.0,0.0,0.0,0.0,
748    ,0.0,0.0,0.0,0.0,0.0,0.0,0.0,
750    ,0.13379479856642545,0.032196754412810766,0.028203000976673415,0.001985378965406956,0.0015947571305420078,0.30011403066657016,0.13008620167803917,
751    ,0.0,0.0,0.0,0.0,0.0,0.004189276156378355,0.0,
752    ,0.0,0.0,0.0,0.0,0.0,0.0,0.0,
753    ,0.0,0.0,0.0,0.0,0.0,0.0,0.0,
754    ,0.0,0.0,0.0,0.0,0.0,0.0,0.0,
755    ,0.0,0.0,0.0,0.0,0.0,0.0,0.0,
756    ,0.0,0.0,0.0,0.0,0.0,0.0008181818181818182,0.0,
757    ,0.0,0.0,0.0,0.0,0.0,0.0,0.0,
758    ,0.0,0.0,0.0,0.0,0.0,0.008876238333590034,0.0,
760    ,0.05728269484277337,0.050635414228717736,0.022826871652021533,0.05795986952190593,0.049201818732914085,0.046754093904251524,0.05884812300786857,
761    ,0.002503322591009645,0.0,0.0,0.0,0.0,0.0,0.009409998220978112,
762    ,0.0,0.0,0.0,0.0,0.0,0.0,0.0,
763    ,0.0,0.025478066775288338,0.0,0.0,0.0025304255405076623,0.0,0.01925291815128406,
764    ,0.04103767955288774,0.04136472494228009,0.011667269073262236,0.014528665779779503,0.019593551686279655,0.015326393559359372,0.04199915457299204,
765    ,0.0,0.0012301384899285786,0.0014129773523549039,0.0013249569285198135,0.0032440604388774825,0.0,0.029511712640737972,
766    ,0.0,0.0,0.0,0.0,0.0,0.0,0.0,
767    ,0.0,0.0,0.0,0.0,0.0,0.0,0.0,
768    ,0.010694793121225978,0.010344713310438078,0.02400686532495642,0.0068513565703341595,0.005277394479875787,0.010368015375104258,0.032841448375475986,
800    ,0.0266666666667,0.0,0.0,0.0,0.0,0.0,0.0,
801    ,0.0,0.0,0.0,0.0,0.0,0.0,0.0,
802    ,0.0,0.0,0.0,0.0,0.0,0.0,0.0,
803    ,0.0,0.0,0.0,0.0,0.0,0.0,0.0,
804    ,0.054312974140458964,0.0,0.0,0.0,0.0,0.0,0.0,
805    ,0.0,0.0,0.0,0.0,0.0,0.0,0.0,
806    ,0.0,0.0,0.0,0.0,0.0,0.0,0.0,
807    ,0.0462504698478709,0.0,0.0,0.0,0.0006909386183090652,0.0,0.0,
808    ,0.0,0.0,0.0,0.0,0.0,0.0,0.0,
810    ,0.5078512063881113,0.3188311616129041,0.3149794719650794,0.1777356205073285,0.009691142356567662,0.31754525378013443,0.31847525761536744,
811    ,0.0,0.0,0.0,0.0,0.0,0.0,0.0,
812    ,0.0,0.0,0.0,0.0,0.0,0.0,0.0,
813    ,0.0,0.0,0.0,0.0,0.0,0.0,0.0,
814    ,0.0,0.043200787276803695,0.0,0.0005187135971286481,0.039630232638463395,0.0,0.0,
815    ,0.0,0.0,0.0,0.0,0.0,0.0,0.0,
816    ,0.0,0.0,0.0,0.0,0.0,0.0,0.0,
817    ,0.0,0.0,0.0,0.0,0.0,0.0,0.0,
818    ,0.0,0.000660968329754872,0.0,0.0,0.0,0.0,0.0,
820    ,0.7186608361821315,0.6783471261382632,0.681392342532447,0.7033650648519904,0.7433604764681282,0.7221283528664248,0.709512631759534,
821    ,0.0,0.0,0.0,0.0,0.0,0.0,0.0,
822    ,0.0,0.0,0.0,0.0,0.0,0.0,0.0,
823    ,0.0,0.0,0.0,0.0,0.0,0.0,0.0,
824    ,0.05665380583518453,0.006075697344361031,0.06117439257153652,0.0046584836220060245,0.0,0.000671495463886549,0.0,
825    ,0.030846266717293708,0.001528865430238348,0.04163867967035504,0.0022336792215198534,0.0053226160544074695,0.002591968073822183,0.002183417926845059,
826    ,0.0,0.0,0.0005498678718466714,0.0,0.0,0.0,0.0,
827    ,0.008693678303695284,0.0015820225266776394,0.0,0.0,0.0,0.0,0.0,
828    ,0.015345150948043612,0.0,0.006686596895396555,0.0,0.0,0.0,0.0,
830    ,0.2098915512659679,0.21124039549633078,0.20893354857611973,0.06104574250689596,0.20918171197683472,0.2094770656700424,0.0,
831    ,0.0,0.0,0.0,0.0,0.0,0.0,0.0,
832    ,0.0,0.0,0.0,0.0,0.0,0.0,0.0,
833    ,0.0,0.0,0.0,0.0,0.0,0.0,0.0,
834    ,0.0,0.0,0.0,0.0,0.0,0.0,0.0,
835    ,0.0,0.0,0.0,0.0,0.0,0.0,0.0,
836    ,0.0,0.0,0.0,0.0,0.0,0.0,0.0,
837    ,0.0,0.0,0.0,0.0,0.0,0.0,0.0,
838    ,0.0,0.0,0.0,0.0,0.0,0.0,0.0,
840    ,0.0050945079209971725,0.15022163951874726,0.1726066420472081,0.17368088295670175,0.17347359823866382,0.11794674697710926,0.17394604891175736,
841    ,0.0021390719109035464,0.0,0.0,0.0,0.0001504,0.0,0.0,
842    ,0.0,0.0,0.0,0.0,0.0,0.0,0.0,
843    ,0.0,0.0,0.0,0.0,0.0,0.0,0.0,
844    ,0.0,0.0,0.0,0.0,0.0,0.0,0.0,
845    ,0.0,0.0,0.0,0.0,0.0,0.0,0.0,
846    ,0.0,0.0,0.0,0.0,0.0,0.0,0.0,
847    ,0.0,0.0,0.0,0.0,0.0,0.0,0.0,
848    ,0.0,0.0,0.0,0.0,0.0,0.0,0.0,
850    ,0.16188657700774986,0.16233914847381675,0.1537682155841797,0.007440386983052403,0.16220710854288464,0.14982737015298386,0.31193539313116814,
851    ,0.0055451329537040605,0.0,0.0,0.0,0.0,0.003081988435681249,0.0,
852    ,0.002398658690072739,0.0,0.0,0.0,0.0,0.0,0.0,
853    ,0.0,0.0,0.0,0.0,0.0,0.0,0.0,
854    ,0.0,0.0,0.0,0.0,0.0,0.0,0.0,
855    ,0.0,0.0,0.0,0.0,0.0,0.0,0.0,
856    ,0.0009642691285633217,0.0,0.0,0.0,0.0,0.0,0.0,
857    ,0.0,0.0,0.0,0.0,0.0,0.0,0.0,
858    ,0.005236484073578568,0.0,0.0,0.0,0.0,0.009704745502467657,0.0,
860    ,0.047912209974079946,0.07138698028969392,0.05384119545273104,0.05839993504252827,0.07176218443150854,0.040074058053607975,0.07160490175342048,
861    ,0.001919730471196862,0.0,0.0,0.03492786681538037,0.0,0.0005916414587849989,0.002747275469059814,
862    ,0.0,0.0,0.0,0.0,0.0,0.0,0.0,
863    ,0.0,0.014918930832102039,0.0,0.0,0.000991976965497118,0.008286255776149557,0.0006923223432321976,
864    ,0.04087720344450983,0.0062449070701780275,0.04475763008745007,0.002295058936145341,0.0029817231407645623,0.004440986287827642,0.0429783636925695,
865    ,0.0009336522618428455,0.00845097281564843,0.0042556866996673335,0.0333981269887905,0.0024401756007936246,0.0,0.001863028217718516,
866    ,0.0,0.0,0.0,0.0,0.0,0.0,0.0,
867    ,0.0,0.0,0.0,0.0,0.0,0.0,0.0,
868    ,0.01065725920703781,0.004276360860072471,0.005259183919055362,0.004864185722982358,0.007485657778317469,0.0064088537402224805,0.03434785577577106,
900    ,0.479097958794155,0.3322212853672889,0.4803618956627689,0.25835921756045926,0.3897747644416726,0.3415168040857077,0.2454320033590479,
901    ,0.0,0.0,0.0,0.0,0.0,0.0,0.0,
902    ,0.0,0.0,0.0,0.0,0.0,0.0,0.0,
903    ,0.0017194649520245345,0.0,0.0,0.0,0.0,0.0,0.0,
904    ,0.13277036209565754,0.0,0.0044698474675389155,0.005115677072512487,0.0,0.0,0.0,
905    ,0.0,0.0,0.0,0.0,0.0,0.0,0.0,
906    ,0.0,0.0,0.0,0.0,0.0,0.0,0.0,
907    ,0.04244891444983735,0.0,0.0,0.0,0.0,0.0,0.0014921356740717673,
908    ,0.007139639712283656,0.0,0.0,0.0,0.0,0.0,0.0,
910    ,0.3610185694853696,0.4083379496077218,0.3469438486170077,0.34832816407839345,0.41068750191129344,0.2905858112482378,0.2670472387170461,
911    ,0.0,0.0,0.0,0.0,0.0,0.0,0.0,
912    ,0.0,0.0,0.0,0.0,0.0,0.0,0.0,
913    ,0.0,0.0013005814229718967,0.0,0.0,0.0,0.0,0.0,
914    ,0.10182185645656458,0.05235380171873686,0.1010245742704033,0.10047934322553917,0.10101124369905809,0.07687658978658664,0.10137129967123054,
915    ,0.0,0.00031651799737888244,0.0,0.0,0.0,0.0,0.0,
916    ,0.0,0.0,0.0,0.0,0.0,0.0,0.0,
917    ,0.0,0.0,0.0,0.0,0.0,0.0,0.0,
918    ,0.0011051849709453419,0.00017153344530186577,0.0,0.0,0.0,0.0,0.0,
920    ,0.34111931583295046,0.2719502493595939,0.42530366097265865,0.3481442985380305,0.4241654363748823,0.34622981843966244,0.2612986945194152,
921    ,0.005628357754801433,0.0,0.008375509451266392,0.0030622845189316934,0.0,0.0,0.0,
922    ,0.0,0.0,0.0,0.0,0.0,0.0,0.0,
923    ,0.002227435769789957,0.0,0.03558297216982384,0.0,0.0,0.0,0.0,
924    ,0.06930299385104575,0.049376252371906924,0.07313421792322415,0.04010331735534458,0.06076684099504677,0.062275518119436636,0.06962607826906698,
925    ,0.05226609983992635,0.03131454222260639,0.0556323202358187,0.004393070313204102,0.006404147416968707,0.022564389522530797,0.010168202720642899,
926    ,0.0042429818523389475,0.0055714095850387,0.0616626341209759,0.0029618667074835783,0.0030426821257796715,0.011816422622293462,0.0022139939888683366,
927    ,0.049863987018890416,0.0013559630263053342,0.07445496542560774,0.0,0.0,0.0,0.0023746944817981397,
928    ,0.024563658134358922,0.009166258658317548,0.06363153613520138,0.0022102702391669587,0.00717852948454396,0.004118395572855489,0.01900720241679788,
930    ,0.17014958048028397,0.12775525080787056,0.13045407607513756,0.1408872867140596,0.14219993227761743,0.12927111875923727,0.12813094045888893,
931    ,0.0017594944585918701,0.0007279953634469296,0.0,0.004028495505071973,0.0,0.0,0.0,
932    ,0.003756054941057371,0.0,0.0,0.00234880333203159,0.0,0.0,0.0,
933    ,0.0,0.0,0.0,0.0,0.0,0.0,0.0,
934    ,0.16107224453987293,0.16867822753665873,0.14972782667828857,0.2095569193265066,0.15736943092639627,0.16232334242248045,0.1540911585794894,
935    ,0.002699074987872559,0.0,0.0,0.0015006370496544487,0.0,0.0,0.0,
936    ,0.016879388434525657,0.0,0.0,0.01473518582088187,0.0,0.0,0.0,
937    ,0.027388240644380366,0.06625637838566253,0.039057937960360514,0.06656871749824889,0.05928898700900176,0.024998866292418605,0.0021840947675591167,
938    ,0.0,0.0,0.0,0.0,0.0,0.0,0.0,
940    ,0.55052821348288,0.4490006167594399,0.5217207698344716,0.43943902491880277,0.5523266587366306,0.41996116668302325,0.28053452847885657,
941    ,0.00031509233716422406,0.0,0.0,0.0,0.0,0.0,0.0,
942    ,0.0,0.0,0.0,0.0,0.0010605997161304693,0.0,0.0,
943    ,0.0,0.0,0.0,0.0,0.0,0.0,0.0,
944    ,0.0,0.0,0.0,0.0,0.0,0.0,0.0,
945    ,0.0008945836014886508,0.0,0.0,0.0,0.00030771492616033755,0.006944469589940766,0.0,
946    ,0.0,0.0,0.0,0.0,0.0,0.0,0.0,
947    ,0.0,0.0,0.0,0.0,0.0,0.0,0.0,
948    ,0.0,0.0,0.0,0.0,0.0,0.0,0.0,
950    ,0.3154525113779841,0.36253829676095795,0.36783715686397933,0.3411218255972202,0.4156195649743573,0.4149629192567986,0.25506006641915224,
951    ,0.014561958145040873,0.0,0.0,0.0,0.0,0.003391702061081404,0.0,
952    ,0.0,0.0,0.0,0.0,0.0006999787088834569,0.0024346405542140614,0.0,
953    ,0.0,0.0,0.0,0.0,0.0,0.0,0.0,
954    ,0.0,0.0,0.0,0.0,0.0,0.0,0.0,
955    ,0.0,0.0,0.0,0.0,0.0,0.0,0.0,
956    ,0.0,0.0,0.0,0.0,0.0,0.0,0.0,
957    ,0.0,0.0,0.0,0.0,0.0,0.0,0.0,
958    ,0.013279767043722707,0.0009204540439636561,0.0012742477334784866,0.004777734667789031,0.0,0.0044238151089146536,0.0015644271057518107,
960    ,0.037237645641792556,0.07701036816588107,0.2956265617451946,0.052198300068701825,0.05986361990733553,0.07706005751236625,0.2815953402659639,
961    ,0.005804997364222817,0.03948077300961582,0.002113520225557177,0.021641855420312307,0.011662562589042523,0.002564953406646666,0.027763830658343935,
962    ,0.0,0.0,0.0,0.0,0.0,0.0,0.0,
963    ,0.0016746223511611893,0.00107949481149438,0.014230344451836815,0.00046994892413708433,0.0022213914924441923,0.0008089379237898884,0.007993105634384115,
964    ,0.05137208504429842,0.051024880653776396,0.051066470847403796,0.06232100905478633,0.05098897717882501,0.05104977497409811,0.0999789822037409,
965    ,0.0,0.013009112984668425,0.002062121147519575,0.001722652798713952,0.008015722225764976,0.0013412640465330407,0.02739872021861439,
966    ,0.0,0.0,0.0,0.0,0.0,0.0,0.0,
967    ,0.0,0.0,0.0,0.0,0.0,0.0,0.0,
968    ,0.02407727990984705,0.019379875088503265,0.030000792341815057,0.045050999987234656,0.025899434734992562,0.02371863600171349,0.03605633828556944,
